date,value,cash,return,cum_return,rolling_max,drawdown
2024-01-02,1000000.0,1000000.0,,,1000000.0,0.0
2024-01-03,1000000.0,1000000.0,0.0,0.0,1000000.0,0.0
2024-01-04,1000000.0,1000000.0,0.0,0.0,1000000.0,0.0
2024-01-05,1000000.0,1000000.0,0.0,0.0,1000000.0,0.0
2024-01-08,1000000.0,1000000.0,0.0,0.0,1000000.0,0.0
2024-01-09,1000000.0,1000000.0,0.0,0.0,1000000.0,0.0
2024-01-10,1000000.0,1000000.0,0.0,0.0,1000000.0,0.0
2024-01-11,1000000.0,1000000.0,0.0,0.0,1000000.0,0.0
2024-01-12,1000000.0,1000000.0,0.0,0.0,1000000.0,0.0
2024-01-15,1000000.0,1000000.0,0.0,0.0,1000000.0,0.0
2024-01-16,1000000.0,1000000.0,0.0,0.0,1000000.0,0.0
2024-01-17,1000000.0,1000000.0,0.0,0.0,1000000.0,0.0
2024-01-18,1000000.0,1000000.0,0.0,0.0,1000000.0,0.0
2024-01-19,1000000.0,1000000.0,0.0,0.0,1000000.0,0.0
2024-01-22,1000000.0,1000000.0,0.0,0.0,1000000.0,0.0
2024-01-23,1000000.0,1000000.0,0.0,0.0,1000000.0,0.0
2024-01-24,1000000.0,1000000.0,0.0,0.0,1000000.0,0.0
2024-01-25,1000000.0,1000000.0,0.0,0.0,1000000.0,0.0
2024-01-26,1000000.0,1000000.0,0.0,0.0,1000000.0,0.0
2024-01-29,1000000.0,1000000.0,0.0,0.0,1000000.0,0.0
2024-01-30,1000000.0,1000000.0,0.0,0.0,1000000.0,0.0
2024-01-31,1000000.0,1000000.0,0.0,0.0,1000000.0,0.0
2024-02-01,1000000.0,1000000.0,0.0,0.0,1000000.0,0.0
2024-02-02,1000000.0,1000000.0,0.0,0.0,1000000.0,0.0
2024-02-05,1000000.0,1000000.0,0.0,0.0,1000000.0,0.0
2024-02-06,1057436.00979716,50223.80979716015,0.057436009797160015,0.057436009797160015,1057436.00979716,0.0
2024-02-07,1085796.50979716,50223.80979716015,0.0268200626205648,0.08579650979716003,1085796.50979716,0.0
2024-02-08,1091907.00979716,50223.80979716015,0.005627665906884793,0.09190700979715993,1091907.00979716,0.0
2024-02-19,1100491.20979716,50223.80979716015,0.007861658477304356,0.10049120979715975,1100491.20979716,0.0
2024-02-20,1099166.70979716,50223.80979716015,-0.001203553457045925,0.0991667097971598,1100491.20979716,-0.0012035534570459029
2024-02-21,1105185.4097971602,50223.80979716015,0.005475693492491995,0.10518540979715985,1105185.4097971602,0.0
2024-02-22,1114328.30979716,50223.80979716015,0.008272729551938252,0.11432830979715969,1114328.30979716,0.0
2024-02-23,1114880.9097971602,50223.80979716015,0.0004959041201246794,0.1148809097971597,1114880.9097971602,0.0
2024-02-26,1114183.2097971602,50223.80979716015,-0.0006258067510788168,0.11418320979715979,1114880.9097971602,-0.0006258067510788143
2024-02-27,1139843.30979716,50223.80979716015,0.023030413467342914,0.13984330979715964,1139843.30979716,0.0
2024-02-28,1114404.6097971601,50223.80979716015,-0.022317716638199037,0.1144046097971596,1139843.30979716,-0.02231771663819905
2024-02-29,1148268.9097971602,50223.80979716015,0.030387796050272975,0.14826890979715968,1148268.9097971602,0.0
2024-03-01,1158600.4097971602,50223.80979716015,0.008997456877783971,0.1586004097971596,1158600.4097971602,0.0
2024-03-04,1164841.20979716,50223.80979716015,0.005386499044215176,0.16484120979715922,1164841.20979716,0.0
2024-03-05,1164732.6097971601,50223.80979716015,-9.323159164220662e-05,0.1647326097971593,1164841.20979716,-9.323159164223885e-05
2024-03-06,1159294.00979716,50223.80979716015,-0.004669397898069749,0.15929400979715913,1164841.20979716,-0.004762194154313889
2024-03-07,1137011.0097971603,50223.80979716015,-0.01922118100472081,0.1370110097971593,1164841.20979716,-0.023891840163214984
2024-03-08,1146966.20979716,50223.80979716015,0.00875558804111809,0.1469662097971589,1164841.20979716,-0.01534543923211016
2024-03-11,1166755.60979716,50223.80979716015,0.017253690501919605,0.16675560979715898,1166755.60979716,0.0
2024-03-12,1171519.9097971602,50223.80979716015,0.004083374410197571,0.17151990979715914,1171519.9097971602,0.0
2024-03-13,1165496.6097971601,50223.80979716015,-0.0051414405761511794,0.16549660979715908,1171519.9097971602,-0.005141440576151143
2024-03-14,1160325.00979716,50223.80979716015,-0.004437250144296967,0.1603250097971589,1171519.9097971602,-0.009555876862509706
2024-03-15,1165269.4097971602,50223.80979716015,0.004261219880854261,0.16526940979715898,1171519.9097971602,-0.0053353766741209094
2024-03-18,1179568.90979716,50223.80979716015,0.01227141112585195,0.17956890979715867,1179568.90979716,0.0
2024-03-19,1168529.80979716,50223.80979716015,-0.00935858847101878,0.1685298097971588,1179568.90979716,-0.009358588471018753
2024-03-20,1169518.1097971601,50223.80979716015,0.0008457636182781503,0.16951810979715876,1179568.90979716,-0.008520740006387724
2024-03-21,1163648.30979716,50223.80979716015,-0.005018990258319422,0.1636483097971586,1179568.90979716,-0.013496964753621376
2024-03-22,1150396.10979716,50223.80979716015,-0.011388492458095256,0.15039610979715845,1179568.90979716,-0.024731747130412783
2024-03-25,1138129.70979716,50223.80979716015,-0.010662762065635545,0.13812970979715855,1179568.90979716,-0.03513080046092931
2024-03-26,1131562.80979716,50223.80979716015,-0.005769904733591624,0.13156280979715862,1179568.90979716,-0.040698003822646565
2024-03-27,1110228.30979716,50223.80979716015,-0.018854013065191078,0.11022830979715859,1179568.90979716,-0.058784696192038285
2024-03-28,1121255.9097971602,50223.80979716015,0.009932731765788683,0.12125590979715861,1179568.90979716,-0.04943585704545853
2024-03-29,1124598.6097971601,50223.80979716015,0.002981210596789241,0.12459860979715853,1179568.90979716,-0.046602025149554485
2024-04-01,1144016.50979716,50223.80979716015,0.017266516098132234,0.1440165097971584,1179568.90979716,-0.030140163668872504
2024-04-02,1133332.30979716,50223.80979716015,-0.009339200884342369,0.1333323097971586,1179568.90979716,-0.039197879510024354
2024-04-03,1125025.20979716,50223.80979716015,-0.00732980073733791,0.12502520979715848,1179568.90979716,-0.0462403676012276
2024-04-08,1109558.00979716,50223.80979716015,-0.013748314140257012,0.10955800979715868,1179568.90979716,-0.05935295464174201
2024-04-09,1118277.6097971601,50223.80979716015,0.007858624716335694,0.11827760979715896,1179568.90979716,-0.05196076252174155
2024-04-10,1103108.6097971601,50223.80979716015,-0.01356461031420586,0.10310860979715897,1179568.90979716,-0.06482054534071097
2024-04-11,1103732.70979716,50223.80979716015,0.0005657647800560994,0.10373270979715876,1179568.90979716,-0.06429145374223269
2024-04-12,1097000.20979716,50223.80979716015,-0.00609975580159916,0.09700020979715873,1179568.90979716,-0.06999904737587444
2024-04-15,1113156.4097971602,50223.80979716015,0.014727617967354334,0.11315640979715891,1179568.90979716,-0.05630234863635066
2024-04-16,1093857.70979716,50223.80979716015,-0.01733691674426674,0.09385770979715868,1179568.90979716,-0.07266315624980227
2024-04-17,1116017.80979716,50223.80979716015,0.0202586678335972,0.1160178097971587,1179568.90979716,-0.053876547162410526
2024-04-18,1111469.80979716,50223.80979716015,-0.004075203782658798,0.1114698097971587,1179568.90979716,-0.0577321930362765
2024-04-19,1097873.20979716,50223.80979716015,-0.012232990838034086,0.09787320979715863,1179568.90979716,-0.06925894648583815
2024-04-22,1096357.50979716,50223.80979716015,-0.0013805783641264169,0.09635750979715874,1179568.90979716,-0.07054390744692401
2024-04-23,1093113.00979716,50223.80979716015,-0.0029593448952616175,0.09311300979715886,1179568.90979716,-0.07329448858979079
2024-04-24,1101521.50979716,50223.80979716015,0.007692251326841593,0.1015215097971589,1179568.90979716,-0.06616603689005421
2024-04-25,1099229.4097971602,50223.80979716015,-0.0020808490616056607,0.09922940979715911,1179568.90979716,-0.06810920441588703
2024-04-26,1123005.0097971603,50223.80979716015,0.021629333957128516,0.12300500979715911,1179568.90979716,-0.047953027186624024
2024-04-29,1148302.6097971601,50223.80979716015,0.022526702712189373,0.14830260979715892,1179568.90979716,-0.026506548062017337
2024-04-30,1139925.1097971601,50223.80979716015,-0.007295550779493398,0.139925109797159,1179568.90979716,-0.03360871897413523
2024-05-06,1157698.50979716,50223.80979716015,0.01559172602414427,0.15769850979715883,1179568.90979716,-0.018541010888258123
2024-05-07,1153884.0097971603,50223.80979716015,-0.003294899291757858,0.153884009797159,1179568.90979716,-0.021774819416371764
2024-05-08,1139968.00979716,50223.80979716015,-0.012060137658417291,0.13996800979715873,1179568.90979716,-0.033572349755140396
2024-05-09,1153853.80979716,50223.80979716015,0.012180868130212463,0.15385380979715868,1179568.90979716,-0.021800421990116593
2024-05-10,1146452.80979716,50223.80979716015,-0.006414157441054891,0.1464528097971587,1179568.90979716,-0.028074748092245447
2024-05-13,1142650.30979716,50223.80979716015,-0.0033167523054636883,0.14265030979715854,1179568.90979716,-0.031298383412248824
2024-05-14,1144300.5097971603,50223.80979716015,0.0014441863673000377,0.1443005097971588,1179568.90979716,-0.029899397743591318
2024-05-15,1131128.6097971601,50223.80979716015,-0.01151087488577196,0.13112860979715868,1179568.90979716,-0.041066104402776825
2024-05-16,1130801.6097971601,50223.80979716015,-0.000289091794839047,0.1308016097971587,1179568.90979716,-0.04134332432378698
2024-05-17,1136669.70979716,50223.80979716015,0.005189327596599735,0.13666970979715853,1179568.90979716,-0.0363685407810358
2024-05-20,1137912.5097971603,50223.80979716015,0.001093369506804276,0.13791250979715874,1179568.90979716,-0.03531493552772848
2024-05-21,1130280.40979716,50223.80979716015,-0.006707106156483622,0.13028040979715838,1179568.90979716,-0.0417851806627183
2024-05-22,1132962.30979716,50223.80979716015,0.002372774027359581,0.1329623097971584,1179568.90979716,-0.03951155342676367
2024-05-23,1117775.70979716,50223.80979716015,-0.013404329401495274,0.11777570979715835,1179568.90979716,-0.05238625695096184
2024-05-24,1102023.9097971602,50223.80979716015,-0.01409209366596298,0.10202390979715847,1179568.90979716,-0.06574011857716265
2024-05-27,1112653.70979716,50223.80979716015,0.009645707235114598,0.11265370979715827,1179568.90979716,-0.05672852127944502
2024-05-28,1105393.30979716,50223.80979716015,-0.0065253006717818085,0.10539330979715844,1179568.90979716,-0.06288365129321286
2024-05-29,1105508.80979716,50223.80979716015,0.00010448769589643803,0.10550880979715838,1179568.90979716,-0.06278573416514964
2024-05-30,1106255.30979716,50223.80979716015,0.0006752546821737759,0.10625530979715836,1179568.90979716,-0.06215287584394451
2024-05-31,1105095.60979716,50223.80979716015,-0.0010483113524787369,0.10509560979715804,1179568.90979716,-0.06313603163108679
2024-06-03,1106250.1097971601,50223.80979716015,0.0010447059872151776,0.10625010979715843,1179568.90979716,-0.06215728423412567
2024-06-04,1117892.30979716,50223.80979716015,0.010524021554343399,0.11789230979715848,1179568.90979716,-0.05228740727882175
2024-06-05,1115037.00979716,50223.80979716015,-0.0025541816282089735,0.11503700979715847,1179568.90979716,-0.054708037371972516
2024-06-06,1107999.7097971602,50223.80979716015,-0.0063112703328833675,0.10799970979715878,1179568.90979716,-0.060674030491619894
2024-06-07,1102151.1097971601,50223.80979716015,-0.005278521238124445,0.1021511097971588,1179568.90979716,-0.06563228257119176
2024-06-11,1109038.40979716,50223.80979716015,0.006248961634006234,0.10903840979715862,1179568.90979716,-0.059793454552925195
2024-06-12,1110122.9097971602,50223.80979716015,0.0009778741569452798,0.110122909797159,1179568.90979716,-0.05887405086994178
2024-06-13,1106439.80979716,50223.80979716015,-0.0033177407361794087,0.10643980979715884,1179568.90979716,-0.06199646276924612
2024-06-14,1108632.30979716,50223.80979716015,0.001981580905338065,0.10863230979715865,1179568.90979716,-0.060137732870730036
2024-06-17,1109503.9097971602,50223.80979716015,0.0007861939367070914,0.10950390979715885,1179568.90979716,-0.05939881885497324
2024-06-18,1109251.50979716,50223.80979716015,-0.00022748905864267144,0.1092515097971587,1179568.90979716,-0.05961279533223012
2024-06-19,1101194.30979716,50223.80979716015,-0.00726363672155228,0.10119430979715882,1179568.90979716,-0.06644342636453282
2024-06-20,1092232.30979716,50223.80979716015,-0.008138436532287185,0.0922323097971589,1179568.90979716,-0.07404111728836459
2024-06-21,1092611.7097971602,50223.80979716015,0.0003473620003702216,0.09261170979715905,1179568.90979716,-0.07371947435860528
2024-06-24,1075762.30979716,50223.80979716015,-0.015421214919184911,0.07576230979715892,1179568.90979716,-0.08800384541997683
2024-06-25,1059962.6097971601,50223.80979716015,-0.014686980438066377,0.05996260979715884,1179568.90979716,-0.10139831510188536
2024-06-26,1076410.0097971603,50223.80979716015,0.015516962436201043,0.07641000979715895,1179568.90979716,-0.08745474651221437
2024-06-27,1062009.9097971602,50223.80979716015,-0.013377894918232602,0.062009909797158924,1179568.90979716,-0.09966268102150586
2024-06-28,1060148.30979716,50223.80979716015,-0.001752902663926803,0.060148309797158905,1179568.90979716,-0.10124088470637596
2024-07-01,1063061.30979716,50223.80979716015,0.002747728759344481,0.06306130979715907,1179568.90979716,-0.09877133843756075
2024-07-02,1053043.4097971602,50223.80979716015,-0.009423633338618398,0.05304340979715927,1179568.90979716,-0.10726418689837904
2024-07-03,1050868.6097971601,50223.80979716015,-0.0020652519922411683,0.05086860979715935,1179568.90979716,-0.10910791131493222
2024-07-04,1039463.3097971601,50223.80979716015,-0.010853212184348648,0.039463309797159285,1179568.90979716,-0.1187769521867888
2024-07-05,1047537.3097971601,50223.80979716015,0.007767469927895343,0.0475373097971592,1179568.90979716,-0.1119320786631314
2024-07-08,1033729.7097971602,50223.80979716015,-0.013181010233109025,0.03372970979715939,1179568.90979716,-0.12363771102196852
2024-07-09,1051580.80979716,50223.80979716015,0.01726863398702405,0.051580809797159066,1179568.90979716,-0.1085041314135762
2024-07-10,1051415.5097971603,50223.80979716015,-0.00015719191379282016,0.05141550979715914,1179568.90979716,-0.1086442673552977
2024-07-11,1069021.4097971602,50223.80979716015,0.016744949866106085,0.06902140979715887,1179568.90979716,-0.09371856029929582
2024-07-12,1068960.5097971603,50223.80979716015,-5.6967989080281e-05,0.06896050979715906,1179568.90979716,-0.09377018933045635
2024-07-15,1063107.00979716,50223.80979716015,-0.0054758804898330515,0.06310700979715889,1179568.90979716,-0.09873259547000678
2024-07-16,1073767.1097971601,50223.80979716015,0.010027306660346458,0.07376710979715884,1179568.90979716,-0.08969531082181
2024-07-17,1074714.50979716,50223.80979716015,0.0008823142293665764,0.07471450979715866,1179568.90979716,-0.0888921360414889
2024-07-18,1080062.1097971601,50223.80979716015,0.004975833071249269,0.08006210979715878,1179568.90979716,-0.08435861540052893
2024-07-19,1088794.1097971601,50223.80979716015,0.008084720240431276,0.08879410979715874,1179568.90979716,-0.07695591096548107
2024-07-22,1088343.30979716,50223.80979716015,-0.0004140360385344044,0.08834330979715865,1179568.90979716,-0.07733808448349755
2024-07-23,1057817.50979716,50223.80979716015,-0.02804795116137504,0.05781750979715872,1179568.90979716,-0.10321686082836519
2024-07-24,1046199.4097971602,50223.80979716015,-0.010983085354890454,0.04619940979715875,1179568.90979716,-0.11306630659071384
2024-07-25,1045302.00979716,50223.80979716015,-0.0008577714645949808,0.04530200979715859,1179568.90979716,-0.11382709300390818
2024-07-26,1051468.80979716,50223.80979716015,0.005899539025278067,0.05146880979715851,1179568.90979716,-0.10859908135594054
2024-07-29,1039984.8097971601,50223.80979716015,-0.010921864626888378,0.03998480979715846,1179568.90979716,-0.11833484151765487
2024-07-30,1037136.50979716,50223.80979716015,-0.002738790002668967,0.037136509797158324,1179568.90979716,-0.12074953723940787
2024-07-31,1074416.4097971602,50223.80979716015,0.03594502714718928,0.07441640979715824,1179568.90979716,-0.08914485548629958
2024-08-01,1068063.9097971602,50223.80979716015,-0.00591251207825394,0.06806390979715826,1179568.90979716,-0.09453029752977661
2024-08-02,1056845.80979716,50223.80979716015,-0.0105032104325391,0.05684580979715825,1179568.90979716,-0.10404063635510999
2024-08-05,1038135.9097971602,50223.80979716015,-0.01770352858151647,0.03813590979715831,1179568.90979716,-0.11990227855727457
2024-08-06,1046992.8097971601,50223.80979716015,0.008531541888123773,0.04699280979715814,1179568.90979716,-0.11239368798114373
2024-08-07,1042124.8097971601,50223.80979716015,-0.004649506619766708,0.04212480979715805,1179568.90979716,-0.11652061940462208
2024-08-08,1044497.0097971603,50223.80979716015,0.0022763108388734743,0.044497009797158205,1179568.90979716,-0.11450954571465163
2024-08-09,1036960.1097971601,50223.80979716015,-0.00721581768957269,0.036960109797158136,1179568.90979716,-0.12089908339863162
2024-08-12,1039800.00979716,50223.80979716015,0.002738678154702967,0.03980000979715803,1179568.90979716,-0.11849150892255607
2024-08-13,1039351.50979716,50223.80979716015,-0.00043133294457986526,0.03935150979715796,1179568.90979716,-0.11887173257568466
2024-08-14,1028407.4097971602,50223.80979716015,-0.01052973887740416,0.028407409797158056,1179568.90979716,-0.12814978314916226
2024-08-15,1036043.8097971601,50223.80979716015,0.007425461861954252,0.036043809797158044,1179568.90979716,-0.12167589261459985
2024-08-16,1034793.6097971601,50223.80979716015,-0.0012067057282497684,0.034793609797158176,1179568.90979716,-0.1227357713462417
2024-08-19,1033112.50979716,50223.80979716015,-0.0016245751656019936,0.033112509797158074,1179568.90979716,-0.12416095302578356
2024-08-20,1021141.4097971602,50223.80979716015,-0.011587411716029172,0.021141409797158284,1179568.90979716,-0.13430966066004837
2024-08-21,1018226.9097971602,50223.80979716015,-0.002854159053817029,0.01822690979715813,1179568.90979716,-0.1367804785798774
2024-08-22,1009741.8097971601,50223.80979716015,-0.008333211309147548,0.009741809797157996,1179568.90979716,-0.14397386925805253
2024-08-23,1010118.8097971603,50223.80979716015,0.00037336277090083136,0.01011880979715829,1179568.90979716,-0.14365426096991524
2024-08-26,1006520.1097971601,50223.80979716015,-0.0035626502200496457,0.0065201097971581135,1179568.90979716,-0.1467051213055094
2024-08-27,999298.3097971601,50223.80979716015,-0.0071750180942290465,-0.0007016902028419425,1179568.90979716,-0.15282752749985534
2024-08-28,996125.7097971602,50223.80979716015,-0.0031748277455245777,-0.0038742902028418014,1179568.90979716,-0.15551715417079348
2024-08-29,1004109.1097971601,50223.80979716015,0.008014450306302656,0.0041091097971579504,1179568.90979716,-0.14874908836837017
2024-08-30,1022116.4097971602,50223.80979716015,0.017933608832249037,0.02211640979715801,1179568.90979716,-0.13348308750107316
2024-09-02,998553.6097971601,50223.80979716015,-0.023052951478076844,-0.001446390202841985,1179568.90979716,-0.15345885983984386
2024-09-03,1006899.3097971601,50223.80979716015,0.008357788623582607,0.006899309797158137,1179568.90979716,-0.14638364792921876
2024-09-04,1002585.1097971601,50223.80979716015,-0.004284638948525155,0.0025851097971580916,1179568.90979716,-0.15004108579839914
2024-09-05,1006761.4097971602,50223.80979716015,0.004165531643338438,0.006761409797158002,1179568.90979716,-0.14650055504575477
2024-09-06,993042.3097971601,50223.80979716015,-0.013626962522097608,-0.006957690202841982,1179568.90979716,-0.15813115999477742
2024-09-09,986023.7097971602,50223.80979716015,-0.007067775391597864,-0.013976290202841857,1179568.90979716,-0.16408129986511935
2024-09-10,988179.20979716,50223.80979716015,0.0021860529098667314,-0.011820790202842213,1179568.90979716,-0.1622539373582774
2024-09-11,990031.8097971601,50223.80979716015,0.0018747611583331825,-0.00996819020284212,1179568.90979716,-0.16068336357949015
2024-09-12,983242.7097971602,50223.80979716015,-0.006857456430001796,-0.016757290202842,1179568.90979716,-0.16643894084471944
2024-09-13,977514.3097971601,50223.80979716015,-0.005826028449457676,-0.02248569020284208,1179568.90979716,-0.1712952912897182
2024-09-18,976835.6097971601,50223.80979716015,-0.0006943120864806307,-0.023164390202842,1179568.90979716,-0.17187067098509917
2024-09-19,985489.7097971602,50223.80979716015,0.008859320763088485,-0.014510290202841891,1179568.90979716,-0.164534007626035
2024-09-20,979499.1097971601,50223.80979716015,-0.0060788052279441285,-0.02050089020284196,1179568.90979716,-0.16961264266824738
2024-09-23,977553.4097971602,50223.80979716015,-0.0019864234490247767,-0.0224465902028419,1179568.90979716,-0.17126214358662487
2024-09-24,1014662.8097971601,50223.80979716015,0.03796150637712992,0.01466280979715795,1179568.90979716,-0.13980200616541963
2024-09-25,1023534.0097971603,50223.80979716015,0.008743003009811234,0.023534009797157918,1179568.90979716,-0.13228129251629023
2024-09-26,1066531.20979716,50223.80979716015,0.042008569904307125,0.06653120979715754,1179568.90979716,-0.09582967053568583
2024-09-27,1145205.80979716,50223.80979716015,0.0737668052067253,0.14520580979715758,1179568.90979716,-0.029131913968391196
2024-09-30,1272280.6097971601,50223.80979716015,0.11096241296794296,0.2722806097971573,1272280.6097971601,0.0
2024-10-08,1390948.00979716,50223.80979716015,0.09327140497639053,0.39094800979715694,1390948.00979716,0.0
2024-10-09,1318542.70979716,50223.80979716015,-0.052054641503501475,0.31854270979715715,1390948.00979716,-0.05205464150350149
2024-10-10,1290811.30979716,50223.80979716015,-0.021031855694887636,0.2908113097971572,1390948.00979716,-0.07199169149003833
2024-10-11,1229114.70979716,50223.80979716015,-0.047796761255287756,0.2291147097971571,1390948.00979716,-0.11634748305481235
2024-10-14,1251842.20979716,50223.80979716015,0.01849095110394594,0.2518422097971571,1390948.00979716,-0.10000790757110012
2024-10-15,1220228.20979716,50223.80979716015,-0.025253981494299138,0.22022820979715707,1390948.00979716,-0.1227362912183151
2024-10-16,1202224.50979716,50223.80979716015,-0.014754371236010644,0.20222450979715711,1390948.00979716,-0.1356797656495596
2024-10-17,1198182.70979716,50223.80979716015,-0.0033619344532261897,0.19818270979715713,1390948.00979716,-0.13858555362404287
2024-10-18,1274716.00979716,50223.80979716015,0.06387448205871404,0.27471600979715705,1390948.00979716,-0.08356315202388473
2024-10-21,1283049.80979716,50223.80979716015,0.006537769931457937,0.283049809797157,1390948.00979716,-0.0775716987551063
2024-10-22,1284024.4097971602,50223.80979716015,0.0007595963871069866,0.28402440979715715,1390948.00979716,-0.07687102555011555
2024-10-23,1282873.30979716,50223.80979716015,-0.0008964782843824404,0.28287330979715697,1390948.00979716,-0.07769859062939408
2024-10-24,1271770.1097971601,50223.80979716015,-0.008654946607124847,0.271770109797157,1390948.00979716,-0.08568106008317267
2024-10-25,1287055.30979716,50223.80979716015,0.012018838846934221,0.2870553097971569,1390948.00979716,-0.07469200808961254
2024-10-28,1289312.20979716,50223.80979716015,0.001753537694006102,0.289312209797157,1390948.00979716,-0.07306944564723267
2024-10-29,1275824.9097971602,50223.80979716015,-0.010460848735871164,0.27582490979715724,1390948.00979716,-0.08276592596497413
2024-10-30,1263529.70979716,50223.80979716015,-0.009637059055348729,0.2635297097971572,1390948.00979716,-0.09160536490402778
2024-10-31,1270851.80979716,50223.80979716015,0.005794956733685019,0.2708518097971573,1390948.00979716,-0.08634125729653505
2024-11-01,1256955.50979716,50223.80979716015,-0.01093463446553855,0.2569555097971572,1390948.00979716,-0.09633178167424096
2024-11-04,1275352.60979716,50223.80979716015,0.014636238002543767,0.27535260979715703,1390948.00979716,-0.08310547855549055
2024-11-05,1317080.8097971599,50223.80979716015,0.03271895135466618,0.3170808097971567,1390948.00979716,-0.05310565131098763
2024-11-06,1315678.30979716,50223.80979716015,-0.001064854934919146,0.31567830979715694,1390948.00979716,-0.05411395643103614
2024-11-07,1354535.5097971603,50223.80979716015,0.029533967164048436,0.354535509797157,1390948.00979716,-0.026178189079338596
2024-11-08,1348361.2097971602,50223.80979716015,-0.0045582415192088055,0.3483612097971569,1390948.00979716,-0.030617104090188235
2024-11-11,1381330.4097971602,50223.80979716015,0.0244513115331757,0.3813304097971568,1390948.00979716,-0.00691442090736546
2024-11-12,1367966.60979716,50223.80979716015,-0.009674586112936367,0.36796660979715656,1390948.00979716,-0.016522112859812414
2024-11-13,1371794.4097971602,50223.80979716015,0.002798167713002675,0.3717944097971566,1390948.00979716,-0.013770176789564551
2024-11-14,1333988.1097971601,50223.80979716015,-0.027559741991943443,0.33398810979715665,1390948.00979716,-0.04095041626200413
2024-11-15,1299933.7097971602,50223.80979716015,-0.025528263520413264,0.29993370979715683,1390948.00979716,-0.06543328676481035
2024-11-18,1280164.2097971602,50223.80979716015,-0.015208083189938049,0.28016420979715684,1390948.00979716,-0.0796462550862381
2024-11-19,1301680.4097971602,50223.80979716015,0.016807375050275075,0.3016804097971566,1390948.00979716,-0.06417752451654726
2024-11-20,1312913.70979716,50223.80979716015,0.008629844864723957,0.3129137097971564,1390948.00979716,-0.05610152173220312
2024-11-21,1314494.80979716,50223.80979716015,0.001204268024777022,0.3144948097971565,1390948.00979716,-0.054964814976189526
2024-11-22,1269034.4097971602,50223.80979716015,-0.03458393267221416,0.26903440979715665,1390948.00979716,-0.08764784818792641
2024-11-25,1258659.30979716,50223.80979716015,-0.0081755860360464,0.25865930979715657,1390948.00979716,-0.09510686170023812
2024-11-26,1253604.30979716,50223.80979716015,-0.004016178135459625,0.25360430979715654,1390948.00979716,-0.09874107373720502
2024-11-27,1282274.1097971601,50223.80979716015,0.022869895848267374,0.2822741097971566,1390948.00979716,-0.0781293759612537
2024-11-28,1273402.6097971601,50223.80979716015,-0.006918567513933049,0.2734026097971567,1390948.00979716,-0.08450740011277731
2024-11-29,1295387.80979716,50223.80979716015,0.017264924565767892,0.2953878097971565,1390948.00979716,-0.06870148943520568
2024-12-02,1307196.1097971601,50223.80979716015,0.009115648542230126,0.3071961097971567,1390948.00979716,-0.060212099524994706
2024-12-03,1298717.70979716,50223.80979716015,-0.006485943414653916,0.2987177097971567,1390948.00979716,-0.06630751066925201
2024-12-04,1288913.70979716,50223.80979716015,-0.007548984606925324,0.2889137097971566,1390948.00979716,-0.07335594089881156
2024-12-05,1290262.30979716,50223.80979716015,0.0010463074368356473,0.29026230979715684,1390948.00979716,-0.0723863863284745
2024-12-06,1309485.0097971603,50223.80979716015,0.014898288397668713,0.3094850097971571,1390948.00979716,-0.05856653119039251
2024-12-09,1302989.40979716,50223.80979716015,-0.004960423335435116,0.30298940979715683,1390948.00979716,-0.06323643973783533
2024-12-10,1309498.20979716,50223.80979716015,0.004995282349235186,0.30949820979715703,1390948.00979716,-0.05855704125985108
2024-12-11,1309759.2097971602,50223.80979716015,0.00019931298725528457,0.3097592097971571,1390948.00979716,-0.05836939945141405
2024-12-12,1318692.6097971601,50223.80979716015,0.006820643010697625,0.31869260979715697,1390948.00979716,-0.05194687327712328
2024-12-13,1291050.6097971601,50223.80979716015,-0.02096167051717368,0.291050609797157,1390948.00979716,-0.07181965055226457
2024-12-16,1276095.50979716,50223.80979716015,-0.011583666733521514,0.27609550979715713,1390948.00979716,-0.08257138238887073
2024-12-17,1273116.20979716,50223.80979716015,-0.002334699853675959,0.2731162097971571,1390948.00979716,-0.08471330284816561
2024-12-18,1282637.4097971602,50223.80979716015,0.007478657428701796,0.28263740979715735,1390948.00979716,-0.07786818719111913
2024-12-19,1292046.2097971602,50223.80979716015,0.007335510354004038,0.29204620979715723,1390948.00979716,-0.07110387973050303
2024-12-20,1299054.8097971599,50223.80979716015,0.00542441899280055,0.2990548097971568,1390948.00979716,-0.06606515797337446
2024-12-23,1287941.70979716,50223.80979716015,-0.008554758364456627,0.28794170979715705,1390948.00979716,-0.07405474487505921
2024-12-24,1303329.2097971602,50223.80979716015,0.011947357464200392,0.30332920979715716,1390948.00979716,-0.06299214591980123
2024-12-25,1303073.30979716,50223.80979716015,-0.00019634333219609168,0.3030733097971572,1390948.00979716,-0.0631761211641653
2024-12-26,1312155.6097971601,50223.80979716015,0.006969907166169964,0.3121556097971572,1390948.00979716,-0.05664654569762826
2024-12-27,1306525.2097971602,50223.80979716015,-0.0042909544858557025,0.30652520979715736,1390948.00979716,-0.060694432434114536
2024-12-30,1307560.80979716,50223.80979716015,0.0007926368295338992,0.30756080979715716,1390948.00979716,-0.05994990424707548
2024-12-31,1276307.50979716,50223.80979716015,-0.02390198587004788,0.27630750979715724,1390948.00979716,-0.08241896835289901
2025-01-02,1236446.70979716,50223.80979716015,-0.03123134487106094,0.2364467097971572,1390948.00979716,-0.11107625799941347
2025-01-03,1218922.30979716,50223.80979716015,-0.014173194737098549,0.21892230979715732,1390948.00979716,-0.12367514730121812
2025-01-06,1216113.9097971602,50223.80979716015,-0.0023040024597361652,0.2161139097971574,1390948.00979716,-0.12569420191736402
2025-01-07,1231762.40979716,50223.80979716015,0.012867626851344793,0.23176240979715712,1390948.00979716,-0.1144439611536695
2025-01-08,1226285.4097971602,50223.80979716015,-0.004446474382102328,0.2262854097971574,1390948.00979716,-0.11838156339431577
2025-01-09,1226925.30979716,50223.80979716015,0.0005218197940606295,0.2269253097971573,1390948.00979716,-0.11792151744328615
2025-01-10,1210849.30979716,50223.80979716015,-0.013102672079246425,0.21084930979715732,1390948.00979716,-0.12947910254838604
2025-01-13,1210446.90979716,50223.80979716015,-0.0003323287189779256,0.21044690979715708,1390948.00979716,-0.1297684016430796
2025-01-14,1248584.20979716,50223.80979716015,0.03150679281455715,0.24858420979715712,1390948.00979716,-0.10235019497296721
2025-01-15,1239305.30979716,50223.80979716015,-0.007431537198045568,0.23930530979715714,1390948.00979716,-0.10902111288984395
2025-01-16,1228067.30979716,50223.80979716015,-0.009067983418742376,0.22806730979715706,1390948.00979716,-0.11710049466460835
2025-01-17,1236466.1097971601,50223.80979716015,0.006839038815704024,0.236466109797157,1390948.00979716,-0.1110623106772537
2025-01-20,1244820.9097971602,50223.80979716015,0.006756998783711721,0.2448209097971572,1390948.00979716,-0.10505575979170448
2025-01-21,1251434.10979716,50223.80979716015,0.005312571429312962,0.25143410979715686,1390948.00979716,-0.10030130459034572
2025-01-22,1247475.80979716,50223.80979716015,-0.0031630111158160723,0.247475809797157,1390948.00979716,-0.10314706156481168
2025-01-23,1242555.6097971601,50223.80979716015,-0.0039441245764917365,0.24255560979715707,1390948.00979716,-0.10668436128079277
2025-01-24,1255139.4097971602,50223.80979716015,0.010127353577401799,0.2551394097971569,1390948.00979716,-0.09763743795126076
2025-01-27,1238826.80979716,50223.80979716015,-0.012996643936657448,0.23882680979715687,1390948.00979716,-0.10936512287197821
2025-02-05,1251144.3097971599,50223.80979716015,0.009942874905989996,0.25114430979715663,1390948.00979716,-0.10050965170178255
2025-02-06,1275884.80979716,50223.80979716015,0.019774297661963036,0.2758848097971569,1390948.00979716,-0.08272286181047087
2025-02-07,1292434.2097971602,50223.80979716015,0.012970920159031563,0.29243420979715706,1390948.00979716,-0.07082493328730953
2025-02-10,1302707.5097971603,50223.80979716015,0.007948799190028,0.3027075097971572,1390948.00979716,-0.06343910726962955
2025-02-11,1293206.30979716,50223.80979716015,-0.007293425368738005,0.2932063097971571,1390948.00979716,-0.07026984424403719
2025-02-12,1309962.80979716,50223.80979716015,0.012957329293133535,0.30996280979715696,1390948.00979716,-0.05822302446215075
2025-02-13,1294388.50979716,50223.80979716015,-0.011889116151634571,0.294388509797157,1390948.00979716,-0.06941992031325538
2025-02-14,1307673.80979716,50223.80979716015,0.010263765399217029,0.3076738097971572,1390948.00979716,-0.05986866469016603
2025-02-17,1317482.30979716,50223.80979716015,0.007500723748165905,0.3174823097971573,1390948.00979716,-0.05281699925701274
2025-02-18,1294603.80979716,50223.80979716015,-0.017365318554844467,0.2946038097971573,1390948.00979716,-0.06926513379464821
2025-02-19,1313503.4097971602,50223.80979716015,0.014598752032841,0.3135034097971572,1390948.00979716,-0.055677566274596774
2025-02-20,1317060.9097971602,50223.80979716015,0.0027084056070698637,0.3170609097971573,1390948.00979716,-0.05311995810021304
2025-02-21,1357541.50979716,50223.80979716015,0.030735556494675853,0.35754150979715704,1390948.00979716,-0.024017073078721054
2025-02-24,1352485.30979716,50223.80979716015,-0.00372452699494652,0.352485309797157,1390948.00979716,-0.027652147836646254
2025-02-25,1340313.30979716,50223.80979716015,-0.008999728064939538,0.3403133097971571,1390948.00979716,-0.03640301409064451
2025-02-26,1356707.7097971602,50223.80979716015,0.012231766916110942,0.35670770979715716,1390948.00979716,-0.024616520357934175
2025-02-27,1352908.9097971602,50223.80979716015,-0.002800013571506832,0.35290890979715717,1390948.00979716,-0.027347607338355548
2025-02-28,1309613.5097971603,50223.80979716015,-0.03200171104386562,0.3096135097971573,1390948.00979716,-0.058474148154437966
2025-03-03,1303854.9097971602,50223.80979716015,-0.004397175164214673,0.30385490979715724,1390948.00979716,-0.06261420224663934
2025-03-04,1314528.10979716,50223.80979716015,0.00818588013114141,0.31452810979715706,1390948.00979716,-0.05494087446959599
2025-03-05,1316296.80979716,50223.80979716015,0.001345501847254571,0.31629680979715724,1390948.00979716,-0.05366929567043
2025-03-06,1346586.00979716,50223.80979716015,0.023010919554433462,0.3465860097971569,1390948.00979716,-0.03189335596121184
2025-03-07,1335095.30979716,50223.80979716015,-0.008533209105396011,0.33509530979715696,1390948.00979716,-0.040154412391117965
2025-03-10,1331327.5097971603,50223.80979716015,-0.002822120617420376,0.3313275097971571,1390948.00979716,-0.04286321241344897
2025-03-11,1330493.4097971602,50223.80979716015,-0.0006265175126796141,0.330493409797157,1390948.00979716,-0.043462875372901874
2025-03-12,1326858.5097971603,50223.80979716015,-0.002731993990525705,0.326858509797157,1390948.00979716,-0.04607612904909785
2025-03-13,1311115.80979716,50223.80979716015,-0.0118646410930483,0.3111158097971569,1390948.00979716,-0.0573940934080216
2025-03-14,1339031.50979716,50223.80979716015,0.021291559289731143,0.339031509797157,1390948.00979716,-0.03732454386096782
2025-03-17,1335031.30979716,50223.80979716015,-0.002987383023276169,0.3350313097971571,1390948.00979716,-0.04020042417556225
2025-03-18,1343669.30979716,50223.80979716015,0.006470260237801062,0.34366930979715704,1390948.00979716,-0.033990271143847096
2025-03-19,1335979.7097971602,50223.80979716015,-0.0057228366711454814,0.3359797097971571,1390948.00979716,-0.03951858704482834
2025-03-20,1323198.0097971598,50223.80979716015,-0.009567286019591559,0.32319800979715674,1390948.00979716,-0.04870778743907195
2025-03-21,1298820.00979716,50223.80979716015,-0.018423546452988382,0.29882000979715695,1390948.00979716,-0.06623396370755431
2025-03-24,1302395.4097971602,50223.80979716015,0.0027528063727308982,0.30239540979715707,1390948.00979716,-0.06366348661220872
2025-03-25,1293786.6097971601,50223.80979716015,-0.006609974156267073,0.2937866097971571,1390948.00979716,-0.06985264676727121
2025-03-26,1291545.7097971602,50223.80979716015,-0.0017320476058654277,0.2915457097971572,1390948.00979716,-0.07146370626354001
2025-03-27,1301465.80979716,50223.80979716015,0.007680796680094248,0.3014658097971572,1390948.00979716,-0.06433180778126209
2025-03-28,1293214.90979716,50223.80979716015,-0.006339697852904891,0.29321490979715703,1390948.00979716,-0.0702636614105026
2025-03-31,1283978.9097971602,50223.80979716015,-0.007141891057727112,0.28397890979715723,1390948.00979716,-0.07690373705311891
2025-04-01,1293037.2097971602,50223.80979716015,0.007054866657763892,0.2930372097971572,1390948.00979716,-0.07039141600574848
2025-04-02,1290229.5097971603,50223.80979716015,-0.0021713992286737094,0.2902295097971572,1390948.00979716,-0.07240996736800207
2025-04-03,1279600.9097971602,50223.80979716015,-0.008237759188805871,0.27960090979715724,1390948.00979716,-0.08005123068276107
2025-04-07,1174856.20979716,50223.80979716015,-0.08185731910475436,0.17485620979715732,1390948.00979716,-0.15535577065278838
2025-04-08,1183703.70979716,50223.80979716015,0.007530708801826602,0.18370370979715744,1390948.00979716,-0.14899500092043136
2025-04-09,1207979.6097971601,50223.80979716015,0.020508426052124218,0.20797960979715757,1390948.00979716,-0.13154222782682
2025-04-10,1227151.70979716,50223.80979716015,0.015871211603662116,0.22715170979715738,1390948.00979716,-0.11775875075581453
2025-04-11,1239472.10979716,50223.80979716015,0.01003983444071177,0.23947210979715727,1390948.00979716,-0.10890119467663616
2025-04-14,1243952.2097971602,50223.80979716015,0.003614522637974904,0.2439522097971576,1390948.00979716,-0.10568029787212248
2025-04-15,1236396.1097971601,50223.80979716015,-0.006074268722294551,0.23639610979715764,1390948.00979716,-0.11111263606648963
2025-04-16,1237311.9097971602,50223.80979716015,0.0007407011335147651,0.23731190979715766,1390948.00979716,-0.11045423618845711
2025-04-17,1238953.10979716,50223.80979716015,0.001326423828142742,0.23895310979715734,1390948.00979716,-0.10927432149111406
2025-04-18,1237397.30979716,50223.80979716015,-0.0012557375962796158,0.23739730979715756,1390948.00979716,-0.11039283921358932
2025-04-21,1247673.20979716,50223.80979716015,0.00830444669520447,0.24767320979715746,1390948.00979716,-0.1030051439671664
2025-04-22,1247175.3097971603,50223.80979716015,-0.000399062828383312,0.24717530979715763,1390948.00979716,-0.10336310127146009
2025-04-23,1247922.10979716,50223.80979716015,0.0005987931240565292,0.24792210979715734,1390948.00979716,-0.10282620126172609
2025-04-24,1241347.0097971603,50223.80979716015,-0.0052688384542431965,0.24134700979715773,1390948.00979716,-0.10755326507265779
2025-04-25,1243606.6097971601,50223.80979716015,0.0018202806968288243,0.24360660979715765,1390948.00979716,-0.10592876150812171
2025-04-28,1238632.10979716,50223.80979716015,-0.004000059151190616,0.23863210979715732,1390948.00979716,-0.10950509934746745
2025-04-29,1240445.9097971602,50223.80979716015,0.0014643573226091888,0.24044590979715763,1390948.00979716,-0.10820109661895082
2025-04-30,1249308.30979716,50223.80979716015,0.007144527568678116,0.24930830979715735,1390948.00979716,-0.10182961476802793
2025-05-06,1267371.30979716,50223.80979716015,0.014458400587227915,0.2673713097971573,1390948.00979716,-0.08884350754275924
2025-05-07,1269405.70979716,50223.80979716015,0.001605212288043223,0.26940570979715717,1390948.00979716,-0.08738090794473648
2025-05-08,1272512.70979716,50223.80979716015,0.0024476020361501316,0.27251270979715736,1390948.00979716,-0.08514717959679262
2025-05-09,1261558.50979716,50223.80979716015,-0.008608322664019674,0.26155850979715733,1390948.00979716,-0.09302252786491184
2025-05-12,1271568.80979716,50223.80979716015,0.007934867802215084,0.27156880979715714,1390948.00979716,-0.08582578152393262
2025-05-13,1271284.70979716,50223.80979716015,-0.00022342479448311803,0.27128470979715713,1390948.00979716,-0.08603003071081741
2025-05-14,1280366.6097971601,50223.80979716015,0.0071438757423969435,0.2803666097971571,1390948.00979716,-0.0795007428179331
2025-05-15,1266282.30979716,50223.80979716015,-0.011000208762263264,0.26628230979715717,1390948.00979716,-0.08962642681244411
2025-05-16,1262352.80979716,50223.80979716015,-0.003103178469443746,0.262352809797157,1390948.00979716,-0.09245147848391028
2025-05-19,1262649.40979716,50223.80979716015,0.00023495808596285528,0.2626494097971568,1390948.00979716,-0.09223824262037637
2025-05-20,1269638.9097971602,50223.80979716015,0.005535582518605198,0.269638909797157,1390948.00979716,-0.08721325250516745
2025-05-21,1271143.50979716,50223.80979716015,0.0011850613496402485,0.27114350979715707,1390948.00979716,-0.0861315442102476
2025-05-22,1265009.80979716,50223.80979716015,-0.0048253402961391245,0.26500980979715716,1390948.00979716,-0.09054127049534033
2025-05-23,1257177.9097971602,50223.80979716015,-0.00619117728522256,0.2571779097971574,1390948.00979716,-0.09617189072329696
2025-05-26,1255667.30979716,50223.80979716015,-0.0012015801329533504,0.25566730979715735,1390948.00979716,-0.09725791262300863
2025-05-27,1250259.7097971602,50223.80979716015,-0.004306554736121515,0.2502597097971575,1390948.00979716,-0.1011456208348982
2025-05-28,1248468.5097971603,50223.80979716015,-0.0014326623388436488,0.2484685097971575,1390948.00979716,-0.10243337565203271
2025-05-29,1264808.50979716,50223.80979716015,0.013088035358340466,0.2648085097971573,1390948.00979716,-0.09068599193610029
2025-05-30,1258677.9097971602,50223.80979716015,-0.004847057837223945,0.25867790979715743,1390948.00979716,-0.09509348952538393
2025-06-03,1262131.60979716,50223.80979716015,0.0027439108711746485,0.26213160979715733,1390948.00979716,-0.09261050671389598
2025-06-04,1272125.30979716,50223.80979716015,0.007918112439641911,0.27212530979715743,1390948.00979716,-0.08542569467950689
2025-06-05,1280088.50979716,50223.80979716015,0.006259760684479865,0.2800885097971575,1390948.00979716,-0.07970067840002625
2025-06-06,1278108.20979716,50223.80979716015,-0.001547002402446207,0.27810820979715745,1390948.00979716,-0.08112438366151105
2025-06-09,1286322.9097971602,50223.80979716015,0.006427233576180358,0.2863229097971576,1390948.00979716,-0.07521855544784682
2025-06-10,1275069.9097971602,50223.80979716015,-0.008748192164107937,0.2750699097971576,1390948.00979716,-0.08330872123459035
2025-06-11,1277883.50979716,50223.80979716015,0.002206624106161792,0.2778835097971575,1390948.00979716,-0.08128592816095839
2025-06-12,1280383.40979716,50223.80979716015,0.0019562816022227203,0.28038340979715737,1390948.00979716,-0.0794886647245166
2025-06-13,1270497.30979716,50223.80979716015,-0.007721202824368056,0.27049730979715747,1390948.00979716,-0.0865961194463085
2025-06-16,1272847.60979716,50223.80979716015,0.001849905530594942,0.2728476097971573,1390948.00979716,-0.0849064085560053
2025-06-17,1263953.20979716,50223.80979716015,-0.006987796442825767,0.26395320979715753,1390948.00979716,-0.09130089629915034
2025-06-18,1261060.30979716,50223.80979716015,-0.002288771433607284,0.26106030979715755,1390948.00979716,-0.09338070084944533
2025-06-19,1251956.30979716,50223.80979716015,-0.007219321652795818,0.25195630979715755,1390948.00979716,-0.09992587718664547
2025-06-20,1248114.80979716,50223.80979716015,-0.003068397810641166,0.2481148097971575,1390948.00979716,-0.10268766265450073
2025-06-23,1253078.9097971602,50223.80979716015,0.0039772783409299794,0.25307890979715775,1390948.00979716,-0.0991188017301273
2025-06-24,1268276.80979716,50223.80979716015,0.012128446086815181,0.26827680979715773,1390948.00979716,-0.08819251268628575
2025-06-25,1289036.1097971601,50223.80979716015,0.016368114468102712,0.28903610979715766,1390948.00979716,-0.07326794336106177
2025-06-26,1283354.40979716,50223.80979716015,-0.004407712054625201,0.28335440979715765,1390948.00979716,-0.07735271141851686
2025-06-27,1284575.20979716,50223.80979716015,0.0009512571045693363,0.28457520979715767,1390948.00979716,-0.07647503663024202
2025-06-30,1297032.50979716,50223.80979716015,0.009697602682187112,0.29703250979715756,1390948.00979716,-0.06751905846840067
2025-07-01,1296551.0097971603,50223.80979716015,-0.00037123202106559283,0.29655100979715776,1390948.00979716,-0.06786522525293058
2025-07-02,1287299.0097971603,50223.80979716015,-0.007135854995359958,0.2872990097971577,1390948.00979716,-0.07451680384165814
2025-07-03,1294071.1097971601,50223.80979716015,0.00526070473795115,0.29407110979715756,1390948.00979716,-0.0696481100067337
2025-07-04,1295838.70979716,50223.80979716015,0.001365921846657292,0.29583870979715754,1390948.00979716,-0.06837732203511308
2025-07-07,1287408.80979716,50223.80979716015,-0.006505362076519083,0.28740880979715766,1390948.00979716,-0.07443786487397104
2025-07-08,1304348.5097971603,50223.80979716015,0.013157980488473608,0.30434850979715766,1390948.00979716,-0.062259336359112696
2025-07-09,1303128.7097971602,50223.80979716015,-0.0009351795097997107,0.30312870979715756,1390948.00979716,-0.0631362922132556
2025-07-10,1306050.30979716,50223.80979716015,0.002241988821238161,0.3060503097971572,1390948.00979716,-0.0610358542533739
2025-07-11,1318367.0097971598,50223.80979716015,0.009430494298426018,0.3183670097971567,1390948.00979716,-0.05218095823048384
2025-07-14,1316618.80979716,50223.80979716015,-0.0013260343948295894,0.31661880979715695,1390948.00979716,-0.053437798879944674
2025-07-15,1325495.1097971604,50223.80979716015,0.006741738712792378,0.325495109797157,1390948.00979716,-0.04705632384458753
2025-07-16,1323172.1097971601,50223.80979716015,-0.0017525526747177445,0.3231721097971567,1390948.00979716,-0.04872640783308901
2025-07-17,1340195.30979716,50223.80979716015,0.012865446508398382,0.3401953097971566,1390948.00979716,-0.03648784831821367
2025-07-18,1347008.60979716,50223.80979716015,0.005083811255115478,0.3470086097971563,1390948.00979716,-0.03158953439705325
2025-07-21,1351148.80979716,50223.80979716015,0.0030736254912457905,0.35114880979715646,1390948.00979716,-0.028613003303986764
2025-07-22,1358757.50979716,50223.80979716015,0.005631282020773343,0.3587575097971565,1390948.00979716,-0.02314284917427956
2025-07-23,1360221.50979716,50223.80979716015,0.001077454946481593,0.3602215097971564,1390948.00979716,-0.022090329605116442
2025-07-24,1376349.0097971603,50223.80979716015,0.011856524752652309,0.37634900979715646,1390948.00979716,-0.010495719392221365
2025-07-25,1383306.50979716,50223.80979716015,0.005055040509692521,0.3833065097971562,1390948.00979716,-0.005493735169234937
2025-07-28,1396587.6097971601,50223.80979716015,0.0096009813486293,0.3965876097971561,1396587.6097971601,0.0
2025-07-29,1416917.6097971601,50223.80979716015,0.0145569098976559,0.41691760979715586,1416917.6097971601,0.0
2025-07-30,1411162.20979716,50223.80979716015,-0.004061915781274017,0.4111622097971557,1416917.6097971601,-0.0040619157812740135
2025-07-31,1392330.10979716,50223.80979716015,-0.013345099428865081,0.39233010979715566,1416917.6097971601,-0.017352808540166336
2025-08-01,1379993.5097971603,50223.80979716015,-0.008860398775543898,0.37999350979715607,1416917.6097971601,-0.026059454512168675
2025-08-04,1387611.4097971602,50223.80979716015,0.005520243353260179,0.3876114097971559,1416917.6097971601,-0.02068306568946892
2025-08-05,1394620.70979716,50223.80979716015,0.005051342148465254,0.3946207097971557,1416917.6097971601,-0.015736200782480267
2025-08-06,1399368.9097971602,50223.80979716015,0.0034046532986669042,0.3993689097971558,1416917.6097971601,-0.012385123791715844
2025-08-07,1394514.5097971603,50223.80979716015,-0.003468992319333064,0.39451450979715585,1416917.6097971601,-0.015811152211741508
2025-08-08,1386201.9097971602,50223.80979716015,-0.005960927578451125,0.38620190979715563,1416917.6097971601,-0.02167783065692654
2025-08-11,1395784.70979716,50223.80979716015,0.006912990042988731,0.3957847097971554,1416917.6097971601,-0.014914699241422679
2025-08-12,1409318.0097971603,50223.80979716015,0.009695836259710156,0.4093180097971556,1416917.6097971601,-0.00536347346342021
2025-08-13,1434024.30979716,50223.80979716015,0.017530677837258146,0.43402430979715545,1434024.30979716,0.0
2025-08-14,1428880.80979716,50223.80979716015,-0.003586759279365026,0.4288808097971555,1434024.30979716,-0.0035867592793650325
2025-08-15,1447647.0097971598,50223.80979716015,0.013133495720097033,0.4476470097971552,1447647.0097971598,0.0
2025-08-18,1468215.5097971603,50223.80979716015,0.014208228843634041,0.46821550979715565,1468215.5097971603,0.0
2025-08-19,1455471.90979716,50223.80979716015,-0.008679652213836708,0.45547190979715535,1468215.5097971603,-0.008679652213836717
2025-08-20,1480210.50979716,50223.80979716015,0.016996961489588402,0.4802105097971552,1480210.50979716,0.0
2025-08-21,1483249.00979716,50223.80979716015,0.0020527485650783106,0.4832490097971551,1483249.00979716,0.0
2025-08-22,1546991.80979716,50223.80979716015,0.042975117177874944,0.5469918097971549,1546991.80979716,0.0
2025-08-25,1582280.20979716,50223.80979716015,0.022810980495512112,0.5822802097971547,1582280.20979716,0.0
2025-08-26,1569546.0097971603,50223.80979716015,-0.008048005606814845,0.569546009797155,1582280.20979716,-0.00804800560681485
2025-08-27,1555103.0097971603,50223.80979716015,-0.009202023967342376,0.555103009797155,1582280.20979716,-0.017175971633673973
2025-08-28,1615320.8097971603,50223.80979716015,0.038722708155426,0.6153208097971548,1615320.8097971603,0.0
2025-08-29,1618812.70979716,50223.80979716015,0.0021617377667773052,0.6188127097971545,1618812.70979716,0.0
2025-09-01,1649792.8097971603,50223.80979716015,0.019137544332650025,0.6497928097971548,1649792.8097971603,0.0
2025-09-02,1618431.80979716,50223.80979716015,-0.01900905363010763,0.6184318097971548,1649792.8097971603,-0.019009053630107662
2025-09-03,1603081.9097971602,50223.80979716015,-0.009484428016725444,0.6030819097971551,1649792.8097971603,-0.02831319164601231
2025-09-04,1532274.30979716,50223.80979716015,-0.044169670662030924,0.5322743097971552,1649792.8097971603,-0.07123227795764789
2025-09-05,1586471.90979716,50223.80979716015,0.035370690256612436,0.5864719097971549,1649792.8097971603,-0.038381122540948394
2025-09-08,1408264.1097971604,50223.80979716015,-0.11232962834040006,0.40826410979715577,1649792.8097971603,-0.14639941365103631
2025-09-09,1388071.9097971602,50223.80979716015,-0.014338361575449543,0.38807190979715567,1649792.8097971603,-0.15863864749912346
2025-09-10,1394597.80979716,50223.80979716015,0.004701413488695572,0.3945978097971554,1649792.8097971603,-0.1546830598876086
2025-09-11,1440344.20979716,50223.80979716015,0.032802575537282275,0.44034420979715505,1649792.8097971603,-0.1269544871066275
2025-09-12,1442224.9097971602,50223.80979716015,0.0013057295521499146,0.4422249097971551,1649792.8097971603,-0.1258145257800707
2025-09-15,1442939.9097971602,50223.80979716015,0.0004957617880143594,0.4429399097971549,1649792.8097971603,-0.1253811380263152
2025-09-16,1451007.10979716,50223.80979716015,0.005590808006089354,0.45100710979715464,1649792.8097971603,-0.12049131189051603
2025-09-17,1463283.2097971602,50223.80979716015,0.008460399619762304,0.46328320979715487,1649792.8097971603,-0.11305031692005688
2025-09-18,1460051.80979716,50223.80979716015,-0.002208321655278289,0.46005180979715465,1649792.8097971603,-0.1150089871123445
2025-09-19,1451221.1097971601,50223.80979716015,-0.006048210029770629,0.4512211097971548,1649792.8097971603,-0.12036159863274849
2025-09-22,1472738.80979716,50223.80979716015,0.014827306366159032,0.47273880979715455,1649792.8097971603,-0.1073189305642378
2025-09-23,1465262.5097971603,50223.80979716015,-0.005076460231960289,0.4652625097971548,1649792.8097971603,-0.11185059051305223
2025-09-24,1494395.0097971603,50223.80979716015,0.019882102903208132,0.4943950097971548,1649792.8097971603,-0.0941923125602093
2025-09-25,1509577.2097971602,50223.80979716015,0.010159429000007547,0.5095772097971545,1649792.8097971603,-0.08498982367200364
2025-09-26,1485336.80979716,50223.80979716015,-0.016057741096434097,0.48533680979715443,1649792.8097971603,-0.09968282018408109
2025-09-29,1503979.10979716,50223.80979716015,0.01255089073201221,0.5039791097971542,1649792.8097971603,-0.08838303763605808
2025-09-30,1522111.7097971602,50223.80979716015,0.01205641746077557,0.5221117097971544,1649792.8097971603,-0.07739220297347417
2025-10-09,1549978.20979716,50223.80979716015,0.018307788988571216,0.549978209797154,1649792.8097971603,-0.060501294106301985
2025-10-10,1498916.6097971601,50223.80979716015,-0.032943430867123036,0.49891660979715424,1649792.8097971603,-0.09145160477366258
2025-10-13,1492880.90979716,50223.80979716015,-0.004026708330903683,0.49288090979715404,1649792.8097971603,-0.09511006416574967
2025-10-14,1450318.50979716,50223.80979716015,-0.028510244669002427,0.45031850979715426,1649792.8097971603,-0.12090869763490202
2025-10-15,1471209.70979716,50223.80979716015,0.014404560004492861,0.47120970979715393,1649792.8097971603,-0.10824577422055613
2025-10-16,1466678.8097971603,50223.80979716015,-0.003079710506141531,0.46667880979715415,1649792.8097971603,-0.11099211907858515
2025-10-17,1425732.50979716,50223.80979716015,-0.027917700676171275,0.42573250979715405,1649792.8097971603,-0.13581117499690654
2025-10-20,1432340.70979716,50223.80979716015,0.004634950774139224,0.4323407097971539,1649792.8097971603,-0.1318057023334559
2025-10-21,1461850.50979716,50223.80979716015,0.02060250036751321,0.4618505097971539,1649792.8097971603,-0.11391872899670809
2025-10-22,1455067.3097971599,50223.80979716015,-0.004640146139800128,0.4550673097971538,1649792.8097971603,-0.11803027558590323
2025-10-23,1455364.50979716,50223.80979716015,0.0002042517194902338,0.4553645097971539,1649792.8097971603,-0.11785013175315327
2025-10-24,1488972.80979716,50223.80979716015,0.02309270273787578,0.48897280979715396,1649792.8097971603,-0.0974789070754726
2025-10-27,1513404.40979716,50223.80979716015,0.016408358728409622,0.5134044097971537,1649792.8097971603,-0.08267001722281062
2025-10-28,1502043.40979716,50223.80979716015,-0.007506916146440168,0.5020434097971538,1649792.8097971603,-0.08955633648213436
2025-10-29,1521185.20979716,50223.80979716015,0.01274383940913193,0.5211852097971537,1649792.8097971603,-0.07795378864320086
2025-10-30,1495006.9097971602,50223.80979716015,-0.017209147072558273,0.4950069097971541,1649792.8097971603,-0.09382141750213523
2025-10-31,1470685.4097971602,50223.80979716015,-0.01626848668097458,0.47068540979715423,1649792.8097971603,-0.10856357170208612
2025-11-03,1463568.00979716,50223.80979716015,-0.004839512211508135,0.46356800979715396,1649792.8097971603,-0.11287768918261704
2025-11-04,1446351.9097971602,50223.80979716015,-0.011763102148144022,0.4463519097971542,1649792.8097971603,-0.12331299954265948
2025-11-05,1447343.70979716,50223.80979716015,0.000685725232760781,0.44734370979715377,1649792.8097971603,-0.12271183314521243
2025-11-06,1476621.50979716,50223.80979716015,0.020228643550123326,0.47662150979715356,1649792.8097971603,-0.10496548352716573
2025-11-07,1464577.80979716,50223.80979716015,-0.008156253935143076,0.4645778097971536,1649792.8097971603,-0.11226561232423612
2025-11-10,1464033.0097971603,50223.80979716015,-0.0003719843332019579,0.4640330097971539,1649792.8097971603,-0.11259583560849616
2025-11-11,1449163.20979716,50223.80979716015,-0.01015673820227625,0.44916320979715363,1649792.8097971603,-0.12160896738583038
2025-11-12,1445907.9097971602,50223.80979716015,-0.0022463308328504183,0.4459079097971539,1649792.8097971603,-0.12358212424569089
2025-11-13,1463558.6097971601,50223.80979716015,0.012207347287059411,0.463558609797154,1649792.8097971603,-0.11288338686777125
2025-11-14,1436559.10979716,50223.80979716015,-0.018447843372492057,0.43655910979715395,1649792.8097971603,-0.12924877519997022
2025-11-17,1428326.70979716,50223.80979716015,-0.005730637844176378,0.42832670979715415,1649792.8097971603,-0.1342387351216722
2025-11-18,1424465.0097971603,50223.80979716015,-0.0027036531442782286,0.4244650097971545,1649792.8097971603,-0.1365794532876548
2025-11-19,1419321.7097971602,50223.80979716015,-0.0036106889004823284,0.41932170979715444,1649792.8097971603,-0.13969699627211746
2025-11-20,1407704.1097971601,50223.80979716015,-0.008185318324807733,0.4077041097971543,1649792.8097971603,-0.1467388502134184
2025-11-21,1367100.0097971603,50223.80979716015,-0.028844200792914276,0.3671000097971546,1649792.8097971603,-0.17135048614665543
2025-11-24,1375304.9097971602,50223.80979716015,0.006001682350377013,0.37530490979715436,1649792.8097971603,-0.1663771949847133
2025-11-25,1387576.50979716,50223.80979716015,0.008922821341348808,0.3875765097971542,1649792.8097971603,-0.15893892762948786
2025-11-26,1399234.4097971602,50223.80979716015,0.008401626805936813,0.3992344097971543,1649792.8097971603,-0.15187264637842976
2025-11-27,1395644.7097971602,50223.80979716015,-0.0025654743585961093,0.39564470979715427,1649792.8097971603,-0.15404849535696985
2025-11-28,1404877.10979716,50223.80979716015,0.006615150643419554,0.40487710979715397,1649792.8097971603,-0.14845239871672883
2025-12-01,1417527.9097971602,50223.80979716015,0.009004915740869812,0.41752790979715404,1649792.8097971603,-0.14078428431783307
2025-12-02,1404378.1097971601,50223.80979716015,-0.009276572199472088,0.40437810979715394,1649792.8097971603,-0.14875486093927975
2025-12-03,1395807.90979716,50223.80979716015,-0.006102487599467077,0.39580790979715386,1649792.8097971603,-0.15394957384450442
2025-12-04,1405098.2097971602,50223.80979716015,0.006655858542419679,0.4050982097971543,1649792.8097971603,-0.14831838188825963
2025-12-05,1413651.7097971602,50223.80979716015,0.006087474840092977,0.41365170979715415,1649792.8097971603,-0.14313379146623467
2025-12-08,1431573.50979716,50223.80979716015,0.012677663016848362,0.43157350979715403,1649792.8097971603,-0.13227073042391913
2025-12-09,1428913.80979716,50223.80979716015,-0.0018578857332843812,0.4289138097971541,1649792.8097971603,-0.13388287225421777
2025-12-10,1430410.20979716,50223.80979716015,0.0010472290139125207,0.43041020979715405,1649792.8097971603,-0.1329758492685958
2025-12-11,1414501.70979716,50223.80979716015,-0.011121634822682025,0.41450170979715417,1649792.8097971603,-0.1426185752554765
2025-12-12,1428883.20979716,50223.80979716015,0.010167184599630064,0.4288832097971542,1649792.8097971603,-0.13390142003780514
2025-12-15,1409736.30979716,50223.80979716015,-0.013399905512724075,0.4097363097971545,1649792.8097971603,-0.14550705917400308
2025-12-16,1387481.80979716,50223.80979716015,-0.01578628559492956,0.3874818097971544,1649792.8097971603,-0.15899632877673348
2025-12-17,1417333.50979716,50223.80979716015,0.0215150208018684,0.4173335097971542,1649792.8097971603,-0.1409021172959172
2025-12-18,1404928.40979716,50223.80979716015,-0.0087524212997514,0.40492840979715417,1649792.8097971603,-0.14842130390306774
2025-12-19,1413697.70979716,50223.80979716015,0.006241812706503813,0.41369770979715415,1649792.8097971603,-0.143105909177182
2025-12-22,1431591.10979716,50223.80979716015,0.012657161340784207,0.43159110979715387,1649792.8097971603,-0.13226006241767294
2025-12-23,1433058.40979716,50223.80979716015,0.0010249434981528527,0.43305840979715393,1649792.8097971603,-0.13137067801056035
2025-12-24,1443014.80979716,50223.80979716015,0.006947658191691852,0.443014809797154,1649792.8097971603,-0.12533573838609668
2025-12-25,1447581.90979716,50223.80979716015,0.0031649709822740846,0.44758190979715384,1649792.8097971603,-0.12256745137885643
2025-12-26,1448602.1097971601,50223.80979716015,0.0007047615012978348,0.448602109797154,1649792.8097971603,-0.12194907069860263
2025-12-29,1442448.4097971602,50223.80979716015,-0.004248026396193483,0.44244840979715416,1649792.8097971603,-0.12567905422347722
2025-12-30,1448190.7097971602,50223.80979716015,0.00398093960310697,0.44819070979715425,1649792.8097971603,-0.1221984353446096
2025-12-31,1439528.20979716,50223.80979716015,-0.005981601691957827,0.439528209797154,1649792.8097971603,-0.12744909466895546
2026-01-05,1484703.5097971603,50223.80979716015,0.03138201786706629,0.48470350979715415,1649792.8097971603,-0.10006668656793184
2026-01-06,1507611.90979716,50223.80979716015,0.01542961261210296,0.5076119097971539,1649792.8097971603,-0.08618106416494888
2026-01-07,1514323.80979716,50223.80979716015,0.004452007812078884,0.5143238097971539,1649792.8097971603,-0.08211273512378561
2026-01-08,1515570.50979716,50223.80979716015,0.0008232717414426993,0.5155705097971537,1649792.8097971603,-0.08135706447678283
2026-01-09,1533487.90979716,50223.80979716015,0.011822214726517677,0.5334879097971534,1649792.8097971603,-0.07049667043602881
2026-01-12,1558197.8097971603,50223.80979716015,0.016113527757299906,0.5581978097971536,1649792.8097971603,-0.05551909273459706
2026-01-13,1539649.9491741403,2818.849174140152,-0.011903405656457977,0.5396499491741338,1649792.8097971603,-0.06676163210855664
2026-01-14,1549634.5491741402,2818.849174140152,0.006484980566755061,0.5496345491741335,1649792.8097971603,-0.060709599428630336
2026-01-15,1548622.6491741403,2818.849174140152,-0.0006529926688452203,0.5486226491741335,1649792.8097971603,-0.06132294917412009
2026-01-16,1550091.0491741402,2818.849174140152,0.0009481974196767773,0.5500910491741335,1649792.8097971603,-0.06043289801661719
2026-01-19,1538943.3491741403,2818.849174140152,-0.00719164206898637,0.5389433491741336,1649792.8097971603,-0.06718992831387649
2026-01-20,1524068.6491741403,2818.849174140152,-0.00966552797929976,0.5240686491741338,1649792.8097971603,-0.07620603016113134
2026-01-21,1547887.6491741403,2818.849174140152,0.015628561097235982,0.5478876491741336,1649792.8097971603,-0.06176845966224639
2026-01-22,1552312.9491741403,2818.849174140152,0.002858928425691021,0.5523129491741336,1649792.8097971603,-0.059086122841694885
2026-01-23,1563262.44917414,2818.849174140152,0.00705366788689421,0.5632624491741334,1649792.8097971603,-0.05244922884205017
2026-01-26,1548520.8491741403,2818.849174140152,-0.009430022455786502,0.5485208491741336,1649792.8097971603,-0.0613846538920674
2026-01-27,1557251.1491741403,2818.849174140152,0.005637831744180977,0.5572511491741337,1649792.8097971603,-0.05609289849820469
2026-01-28,1559066.0491741402,2818.849174140152,0.0011654510584002686,0.5590660491741337,1649792.8097971603,-0.05499282096772797
2026-01-29,1545183.3491741403,2818.849174140152,-0.008904497668558609,0.5451833491741338,1649792.8097971603,-0.06340763519019195
2026-01-30,1533499.8491741403,2818.849174140152,-0.007561238610449994,0.5334998491741338,1649792.8097971603,-0.07048943354124457
2026-02-02,1480916.7491741404,2818.849174140152,-0.03428960232915457,0.4809167491741342,1649792.8097971603,-0.10236198122586254
2026-02-03,1510433.6491741405,2818.849174140152,0.01993150527635046,0.5104336491741341,1649792.8097971603,-0.08447070431841305
2026-02-04,1506650.3491741403,2818.849174140152,-0.002504777354549015,0.5066503491741339,1649792.8097971603,-0.08676390136566253
2026-02-05,1490912.4491741406,2818.849174140152,-0.010445621977671404,0.49091244917413435,1649792.8097971603,-0.09630322042836024
2026-02-06,1484036.54917414,2818.849174140152,-0.00461187375812,0.48403654917413363,1649792.8097971603,-0.10047095589136423
2026-02-09,1513673.1491741403,2818.849174140152,0.019970262872900824,0.5136731491741338,1649792.8097971603,-0.08250712441870549
2026-02-10,1520471.3491741403,2818.849174140152,0.004491194154899958,0.5204713491741337,1649792.8097971603,-0.0783864857787324
2026-02-11,1513752.94917414,2818.849174140152,-0.004418629791116624,0.5137529491741337,1649792.8097971603,-0.08245875470856617
2026-02-12,1527374.14917414,2818.849174140152,0.008998297910786102,0.5273741491741337,1649792.8097971603,-0.0742024452380002
2026-02-13,1510717.6491741403,2818.849174140152,-0.01090531747509671,0.5107176491741341,1649792.8097971603,-0.08429856149034806
2026-02-24,1519638.1491741403,2818.849174140152,0.005904809548545664,0.519638149174134,1649792.8097971603,-0.07889151889261922
2026-02-25,1532065.7491741402,2818.849174140152,0.008177999484123122,0.5320657491741339,1649792.8097971603,-0.07135869420930167
2026-02-26,1538020.3491741403,2818.849174140152,0.0038866478173080754,0.538020349174134,1649792.8097971603,-0.06774939250508816
2026-02-27,1538936.7491741402,2818.849174140152,0.0005958308682274538,0.5389367491741339,1649792.8097971603,-0.06719392881621891
2026-03-02,1527100.1491741403,2818.849174140152,-0.007691414222418147,0.5271001491741341,1649792.8097971603,-0.07436852669887979
2026-03-03,1474921.5491741402,2818.849174140152,-0.03416842047210744,0.4749215491741343,1649792.8097971603,-0.10599589208084881
2026-03-04,1461713.1491741403,2818.849174140152,-0.008955323764437306,0.4617131491741344,1649792.8097971603,-0.11400198831400178
2026-03-05,1478469.1491741403,2818.849174140152,0.01146326145418275,0.4784691491741344,1649792.8097971603,-0.10384556145815911
2026-03-06,1488426.3491741403,2818.849174140152,0.006734804040761988,0.4884263491741343,1649792.8097971603,-0.09781013692432072
2026-03-09,1469497.6491741403,2818.849174140152,-0.012717256725871984,0.4694976491741345,1649792.8097971603,-0.10928351702853345
2026-03-10,1496494.0491741404,2818.849174140152,0.018371176037724313,0.49649404917413453,1649792.8097971603,-0.092920007720162
2026-03-11,1490844.54917414,2818.849174140152,-0.0037751570098913945,0.490844549174134,1649792.8097971603,-0.09634437711154943
2026-03-12,1478814.5491741404,2818.849174140152,-0.008069251758450302,0.4788145491741347,1649792.8097971603,-0.10363620183557559
2026-03-13,1468463.6491741403,2818.849174140152,-0.006999457779057305,0.46846364917413474,1649792.8097971603,-0.10991026239550297
2026-03-16,1471907.5491741402,2818.849174140152,0.0023452402120656135,0.47190754917413447,1649792.8097971603,-0.10782278815052591
2026-03-17,1449763.94917414,2818.849174140152,-0.015044151388736604,0.44976394917413454,1649792.8097971603,-0.12124483719117038
