date,value,return,cum_return,rolling_max,drawdown
2025-01-02,1000000.0,,,1000000.0,0.0
2025-01-03,1000000.0,0.0,0.0,1000000.0,0.0
2025-01-06,1000000.0,0.0,0.0,1000000.0,0.0
2025-01-07,1002928.3481212368,0.002928348121236768,0.002928348121236768,1002928.3481212368,0.0
2025-01-08,1001621.8221212369,-0.0013027112080811198,0.00162182212123696,1002928.3481212368,-0.0013027112080811394
2025-01-09,999643.477121237,-0.0019751416715444448,-0.00035652287876297706,1002928.3481212368,-0.0032752798404325546
2025-01-10,986486.0911212368,-0.013162078582146797,-0.013513908878763137,1002928.3481212368,-0.016394248931941045
2025-01-13,986325.2941212368,-0.00016299976395739435,-0.013674705878763183,1002928.3481212368,-0.01655457643719228
2025-01-14,1006558.4420844128,0.02051366631654994,0.006558442084412919,1006558.4420844128,0.0
2025-01-15,1007075.4490844129,0.0005136383327424277,0.0070754490844129325,1007075.4490844129,0.0
2025-01-16,1009677.3880844128,0.0025836584561420572,0.009677388084412986,1009677.3880844128,0.0
2025-01-17,1011279.3120844129,0.0015865701449839786,0.011279312084413018,1011279.3120844129,0.0
2025-01-20,1013167.5870844128,0.001867214109332327,0.013167587084413013,1013167.5870844128,0.0
2025-01-21,1011858.0367395289,-0.0012925308325865137,0.01185803673952912,1013167.5870844128,-0.001292530832586558
2025-01-22,1002445.507739529,-0.009302222899102985,0.00244550773952934,1013167.5870844128,-0.010582730321780889
2025-01-23,1003775.4697395288,0.0013267175020803545,0.003775469739529136,1013167.5870844128,-0.009270053113238272
2025-01-24,1012685.956739529,0.00887697225985451,0.012685956739529436,1013167.5870844128,-0.0004753708577173859
2025-01-27,1003776.920739529,-0.008797432156246954,0.003776920739529288,1013167.5870844128,-0.00926862097109455
2025-02-05,996771.6609759215,-0.006978901007652527,-0.003228339024078153,1013167.5870844128,-0.016182837190512313
2025-02-06,1004112.8789759215,0.007364994699801564,0.004112878975921941,1013167.5870844128,-0.008937029000846693
2025-02-07,1011137.7709759217,0.006996117814129343,0.011137770975922168,1013167.5870844128,-0.0020034356945156
2025-02-10,1013759.3239759215,0.0025926763644379403,0.013759323975921944,1013759.3239759215,0.0
2025-02-11,1010805.7116246745,-0.0029135242274892503,0.010805711624674919,1013759.3239759215,-0.0029135242274892716
2025-02-12,1018833.9156246744,0.007942380922141945,0.018833915624674846,1018833.9156246744,0.0
2025-02-13,1014425.4336246743,-0.004326987875444943,0.014425433624674744,1018833.9156246744,-0.004326987875444957
2025-02-14,1020213.3256246743,0.005705586441498323,0.020213325624674816,1020213.3256246743,0.0
2025-02-17,1022187.2186246745,0.001934784569483483,0.022187218624674765,1022187.2186246745,0.0
2025-02-18,1017156.4765655883,-0.004921546628077533,0.017156476565588497,1022187.2186246745,-0.004921546628077531
2025-02-19,1022192.2775655884,0.004950861657985417,0.022192277565588503,1022192.2775655884,0.0
2025-02-20,1020228.3895655883,-0.0019212510631337887,0.020228389565588367,1022192.2775655884,-0.0019212510631337887
2025-02-21,1024278.4445655884,0.003969753284090105,0.024278444565588364,1024278.4445655884,0.0
2025-02-24,1022703.6285655884,-0.001537488178488311,0.022703628565588385,1024278.4445655884,-0.0015374881784883155
2025-02-25,1015577.3120379974,-0.006968115032099931,0.015577312037997393,1024278.4445655884,-0.008494889816099997
2025-02-26,1028297.2690379974,0.012524853449585649,0.028297269037997452,1028297.2690379974,0.0
2025-02-27,1028309.1700379974,1.1573501514039464e-05,0.0283091700379976,1028309.1700379974,0.0
2025-02-28,1007968.7210379974,-0.01978048002746924,0.007968721037997506,1028309.1700379974,-0.019780480027469186
2025-03-03,1006188.1850379976,-0.0017664595764105284,0.006188185037997673,1028309.1700379974,-0.0215119981855092
2025-03-04,1005896.6732707539,-0.00028971893287799144,0.005896673270753938,1028309.1700379974,-0.021795484685228777
2025-03-05,1002277.981270754,-0.0035974788426662574,0.0022779812707540703,1028309.1700379974,-0.025314554732874278
2025-03-06,1015362.955270754,0.013055234420504824,0.015362955270754153,1028309.1700379974,-0.01258980775865782
2025-03-07,1011078.875270754,-0.004219259701923717,0.011078875270754018,1028309.1700379974,-0.016755947792050474
2025-03-10,1011320.5552707539,0.00023903179654038986,0.01132055527075404,1028309.1700379974,-0.016520921199813625
2025-03-11,1018222.8640247075,0.0068250454497147395,0.01822286402470774,1028309.1700379974,-0.00980863178815886
2025-03-12,1014163.0200247077,-0.003987186050755653,0.01416302002470804,1028309.1700379974,-0.013756708999071792
2025-03-13,1009809.8020247075,-0.0042924243085633584,0.009809802024707936,1028309.1700379974,-0.017990083675521726
2025-03-14,1031022.6500247077,0.02100677568931064,0.031022650024708165,1031022.6500247077,0.0
2025-03-17,1031741.8030247076,0.0006975142592480221,0.03174180302470808,1031741.8030247076,0.0
2025-03-18,1030041.6015983324,-0.0016478942904036842,0.030041601598332912,1031741.8030247076,-0.0016478942904036584
2025-03-19,1026366.8005983325,-0.0035676238651891623,0.026366800598333073,1031741.8030247076,-0.005209639088595052
2025-03-20,1021194.7255983325,-0.0050392072278496736,0.02119472559833291,1031741.8030247076,-0.010222593865494997
2025-03-21,1012495.5495983325,-0.00851862605822118,0.012495549598332989,1031741.8030247076,-0.018654137469230954
2025-03-24,1010533.1115983324,-0.0019382188897310026,0.010533111598332923,1031741.8030247076,-0.020556200557347474
2025-03-25,1012954.0872707132,0.00239574106438889,0.012954087270713677,1031741.8030247076,-0.018209706826761676
2025-03-26,1014432.5632707133,0.00145956862070995,0.01443256327071385,1031741.8030247076,-0.016776716522728472
2025-03-27,1013002.7292707132,-0.0014094914258174773,0.013002729270713775,1031741.8030247076,-0.018162561310453823
2025-03-28,1006646.4042707132,-0.006274736302611994,0.006646404270713724,1031741.8030247076,-0.024323332330262678
2025-03-31,993339.6422707132,-0.013218903821188732,-0.006660357729286304,1031741.8030247076,-0.03722070836076682
2025-04-01,1002398.803822608,0.009119903370800708,0.002398803822608375,1031741.8030247076,-0.02844025425360897
2025-04-02,999272.755822608,-0.0031185671691534855,-0.0007272441773915617,1031741.8030247076,-0.03147012857956481
2025-04-03,1001318.7508226081,0.0020474840208326572,0.001318750822608683,1031741.8030247076,-0.029487079144132452
2025-04-07,957111.1838226081,-0.04414934501494394,-0.042888816177391376,1031741.8030247076,-0.07233458892845916
2025-04-08,966733.2434493393,0.010053230794254908,-0.03326675655066014,1031741.8030247076,-0.06300855445110962
2025-04-09,976392.9534493394,0.00999211526597965,-0.023607046550659927,1031741.8030247076,-0.05364602792394829
2025-04-10,986514.2534493394,0.01036601090190592,-0.013485746550659927,1031741.8030247076,-0.0438361123323459
2025-04-11,985867.4974493394,-0.0006555972179201897,-0.014132502550659898,1031741.8030247076,-0.044462970716976614
2025-04-14,988418.5564493394,0.002587628668761388,-0.011581443550659931,1031741.8030247076,-0.04199039570594072
2025-04-15,984542.5872551394,-0.003921384487279855,-0.0154574127448599,1031741.8030247076,-0.045747119706884574
2025-04-16,984327.8812551394,-0.0002180769047265274,-0.015672118744859964,1031741.8030247076,-0.04595522022134523
2025-04-17,985010.3222551395,0.0006933065830969642,-0.01498967774485993,1031741.8030247076,-0.045293774694955366
2025-04-18,982228.8992551394,-0.002823750104092415,-0.01777110074485999,1031741.8030247076,-0.047989626498038174
2025-04-21,984735.2032551394,0.0025516496225070906,-0.015264796744860032,1031741.8030247076,-0.04556042958786899
2025-04-22,985955.9364697026,0.001239656316264437,-0.014044063530296858,1031741.8030247076,-0.04437725254591483
2025-04-23,984218.9644697027,-0.0017617136179729487,-0.01578103553029675,1031741.8030247076,-0.04606078615374942
2025-04-24,982766.3614697027,-0.0014758941378280044,-0.01723363853029669,1031741.8030247076,-0.04746869944730937
2025-04-25,983260.2694697027,0.0005025690941042882,-0.016739730530296648,1031741.8030247076,-0.046989986654484575
2025-04-28,980867.2304697027,-0.0024337798183289294,-0.019132769530296634,1031741.8030247076,-0.049309403191630234
2025-04-29,978393.7129781386,-0.0025217658565060974,-0.021606287021860848,1031741.8030247076,-0.05170682227876295
2025-04-30,978059.8259781385,-0.00034126036949255756,-0.021940174021860992,1031741.8030247076,-0.05203043715897936
2025-05-06,984913.9159781386,0.007007843301554129,-0.015086084021860846,1031741.8030247076,-0.04538721500794673
2025-05-07,992549.5289781385,0.007752568905899482,-0.007450471021861027,1031741.8030247076,-0.03798651361384315
2025-05-08,999455.2479781385,0.006957556069881576,-0.0005447520218611057,1031741.8030247076,-0.03129325084232912
2025-05-09,994853.3829781385,-0.004604373241632764,-0.005146617021861033,1031741.8030247076,-0.035753538277139764
2025-05-12,1008063.4639781385,0.013278419942097441,0.008063463978138952,1031741.8030247076,-0.022949868830702054
2025-05-13,1005580.4947944764,-0.0024631080010215634,0.005580494794476865,1031741.8030247076,-0.025356448826184347
2025-05-14,1009830.7307944765,0.00422664920610738,0.009830730794476938,1031741.8030247076,-0.021236972434377964
2025-05-15,1005585.3247944764,-0.004204076852226568,0.00558532479447682,1031741.8030247076,-0.02535176742238177
2025-05-16,1002283.3977944764,-0.003283587099558005,0.002283397794476727,1031741.8030247076,-0.02855210978548068
2025-05-19,1002587.3787944764,0.0003032884717724116,0.002587378794476569,1031741.8030247076,-0.028257480839450906
2025-05-20,1004380.8647944764,0.0017888575479141355,0.0043808647944765244,1031741.8030247076,-0.02651917189942138
2025-05-21,1006982.6997944765,0.002590486429201899,0.006982699794476632,1031741.8030247076,-0.02399738302513868
2025-05-22,1005878.5957944766,-0.0010964478339352546,0.005878595794476693,1031741.8030247076,-0.02506751898043591
2025-05-23,1001205.8627944764,-0.004645424427497047,0.0012058627944766531,1031741.8030247076,-0.029596494142924527
2025-05-26,1000409.7387944765,-0.0007951651399422666,0.00040973879447658845,1031741.8030247076,-0.0303681251824598
2025-05-27,998927.9529451741,-0.0014811789528238473,-0.0010720470548257754,1031741.8030247076,-0.031804323507426714
2025-05-28,997883.0739451741,-0.001046000361606958,-0.0021169260548257185,1031741.8030247076,-0.032817056535144246
2025-05-29,1001399.5549451741,0.003523940922354196,0.0013995549451741862,1031741.8030247076,-0.029408760981265422
2025-05-30,1002349.9259451741,0.0009490427625085118,0.002349925945174247,1031741.8030247076,-0.028487628390520558
2025-06-03,1003750.713945174,0.001397503969164271,0.0037507139451742333,1031741.8030247076,-0.02712993599510407
2025-06-04,1004471.2109451741,0.0007178047198275195,0.004471210945174331,1031741.8030247076,-0.02643160527138245
2025-06-05,1004120.0639451741,-0.0003495839364769937,0.00412006394517439,1031741.8030247076,-0.02677194914324124
2025-06-06,1003710.098945174,-0.00040828284855631836,0.003710098945174378,1031741.8030247076,-0.02716930146413995
2025-06-09,1006128.7279451741,0.002409688816065403,0.006128727945174495,1031741.8030247076,-0.024825082209953005
2025-06-10,1000130.1274558512,-0.005962060641657607,0.00013012745585161412,1031741.8030247076,-0.03063913420604069
2025-06-11,1007071.2874558511,0.006940256882028928,0.007071287455851616,1031741.8030247076,-0.02391152078604467
2025-06-12,1005963.6414558511,-0.001099868513576796,0.005963641455851709,1031741.8030247076,-0.024985089770797168
2025-06-13,1003151.0644558511,-0.002795903235557895,0.003151064455851671,1031741.8030247076,-0.02771113711302422
2025-06-16,1008308.4104558512,0.0051411459178360985,0.008308410455851734,1031741.8030247076,-0.02271245819463534
2025-06-17,1007668.6220091253,-0.0006345166221877196,0.0076686220091257695,1031741.8030247076,-0.023332563384567833
2025-06-18,1005116.9630091253,-0.0025322402070160344,0.005116963009125897,1031741.8030247076,-0.02580571993644875
2025-06-19,995666.6900091253,-0.009402162482371912,-0.004333309990874112,1031741.8030247076,-0.034965252847003636
2025-06-20,994125.5970091254,-0.0015478000976267836,-0.005874402990873939,1031741.8030247076,-0.0364589337228603
2025-06-23,1001681.4500091253,0.007600501408204341,0.0016814500091260065,1031741.8030247076,-0.029135538491758137
2025-06-24,1012191.8140091253,0.010492721014154993,0.012191814009125945,1031741.8030247076,-0.018948528554594272
2025-06-25,1037528.7640091255,0.025031767348171474,0.03752876400912597,1037528.7640091255,0.0
2025-06-26,1032622.0460091254,-0.004729235632022433,0.03262204600912577,1037528.7640091255,-0.004729235632022394
2025-06-27,1031512.2180091254,-0.0010747669045894082,0.03151221800912585,1037528.7640091255,-0.005798919710670471
2025-06-30,1039115.4620091254,0.007370968435715275,0.039115462009125856,1039115.4620091254,0.0
2025-07-01,1039034.5044202799,-7.791009931557014e-05,0.03903450442028045,1039115.4620091254,-7.791009931560785e-05
2025-07-02,1037032.6184202798,-0.0019266790385531474,0.037032618420280494,1039115.4620091254,-0.0020044390301135564
2025-07-03,1041345.8804202798,0.0041592346502759,0.04134588042028042,1041345.8804202798,0.0
2025-07-04,1044300.55042028,0.0028373569776909413,0.04430055042028069,1044300.55042028,0.0
2025-07-07,1014757.1884202798,-0.02829009521072301,0.014757188420280398,1044300.55042028,-0.02829009521072304
2025-07-08,1032646.5894858993,0.01762924300488944,0.032646589485899824,1044300.55042028,-0.011159585168934845
2025-07-09,1030564.7824858994,-0.002015991745090928,0.03056478248589989,1044300.55042028,-0.013153079282446599
2025-07-10,1038589.5234858996,0.007786740956393867,0.038589523485899946,1044300.55042028,-0.005468757947203993
2025-07-11,1047092.5514858994,0.008187092020204956,0.04709255148589975,1047092.5514858994,0.0
2025-07-14,1043104.0614858995,-0.003809109323086979,0.04310406148589996,1047092.5514858994,-0.0038091093230869814
2025-07-15,1041656.4687004038,-0.0013877740859656873,0.04165646870040418,1047092.5514858994,-0.005191597225843471
2025-07-16,1040615.0417004037,-0.000999779707891113,0.040615041700404086,1047092.5514858994,-0.006186186480176607
2025-07-17,1048104.4157004035,0.0071970649086159355,0.048104415700404024,1048104.4157004035,0.0
2025-07-18,1049127.7297004038,0.0009763473797754774,0.049127729700404243,1049127.7297004038,0.0
2025-07-21,1057104.2207004037,0.007602974141459162,0.05710422070040422,1057104.2207004037,0.0
2025-07-22,1063907.2157004036,0.006435500745132217,0.06390721570040414,1063907.2157004036,0.0
2025-07-23,1065720.9517004036,0.0017047877608442619,0.06572095170040404,1065720.9517004036,0.0
2025-07-24,1082229.1407004036,0.01549016088466737,0.0822291407004041,1082229.1407004036,0.0
2025-07-25,1083371.4027004037,0.0010554714866215509,0.08337140270040422,1083371.4027004037,0.0
2025-07-28,1086378.1757004037,0.002775385239545125,0.08637817570040429,1086378.1757004037,0.0
2025-07-29,1096654.8515145755,0.009459574984140628,0.0966548515145762,1096654.8515145755,0.0
2025-07-30,1085217.9275145754,-0.01042891843701299,0.08521792751457613,1096654.8515145755,-0.010428918437013004
2025-07-31,1066506.5015145754,-0.017242090759460593,0.06650650151457604,1096654.8515145755,-0.027491192838259553
2025-08-01,1063596.3415145755,-0.002728684725191166,0.06359634151457616,1096654.8515145755,-0.030144862765475698
2025-08-04,915307.9805145755,-0.1394216538850025,-0.08469201948542404,1096654.8515145755,-0.16536367002757912
2025-08-05,918228.0489974282,0.0031902578640372603,-0.0817719510025714,1096654.8515145755,-0.16270096491227343
2025-08-06,920709.5099974282,0.0027024452179493785,-0.07929049000257127,1096654.8515145755,-0.16043821013890705
2025-08-07,917700.1479974281,-0.0032685249444295295,-0.0822998520025714,1096654.8515145755,-0.16318233879145794
2025-08-08,914812.3979974282,-0.0031467250019534543,-0.08518760200257125,1096654.8515145755,-0.16581557384805906
2025-08-11,923018.8599974283,0.008970650176981065,-0.07698114000257117,1096654.8515145755,-0.15833239717796435
2025-08-12,927069.0499533114,0.00438798179692057,-0.07293095004668804,1096654.8515145755,-0.15463917505772337
2025-08-13,933750.6939533114,0.007207277602824247,-0.066249306046688,1096654.8515145755,-0.14854642491781195
2025-08-14,932268.7139533114,-0.00158712599583255,-0.06773128604668799,1096654.8515145755,-0.14989778902106946
2025-08-15,942852.4729533114,0.01135269138778594,-0.05714752704668791,1096654.8515145755,-0.14024684097175125
2025-08-18,954353.7479533115,0.012198382387410556,-0.04564625204668771,1096654.8515145755,-0.12975924317914048
2025-08-19,952106.3506686161,-0.0023548891483007317,-0.04789364933138307,1096654.8515145755,-0.13180856369378696
2025-08-20,968794.8066686161,0.017527932660338363,-0.031205193331383052,1096654.8515145755,-0.11659096266192921
2025-08-21,967737.3296686161,-0.0010915386753944656,-0.03226267033138319,1096654.8515145755,-0.11755523779237669
2025-08-22,1004878.087668616,0.03837896592530754,0.0048780876686167485,1096654.8515145755,-0.0836879203326442
2025-08-25,1030531.7206686161,0.025529099813011324,0.03053172066861687,1096654.8515145755,-0.0602952977909482
2025-08-26,1023119.4834143337,-0.007192633769170453,0.023119483414334452,1096654.8515145755,-0.06705424956510533
2025-08-27,1018261.0774143336,-0.0047486203505642255,0.01826107741433436,1096654.8515145755,-0.07148445474159289
2025-08-28,1051420.4254143336,0.03256468182423444,0.051420425414334225,1096654.8515145755,-0.04124764144139725
2025-08-29,1049521.9774143337,-0.001805603119467425,0.049521977414334284,1096654.8515145755,-0.042978767690807385
2025-09-01,1059130.6894143336,0.009155322334147176,0.05913068941433397,1096654.8515145755,-0.03421692982839392
2025-09-02,1041513.1594143335,-0.01663395289748615,0.04151315941433387,1096654.8515145755,-0.05028171992681795
2025-09-03,1037265.9874143337,-0.004077886065681602,0.03726598741433418,1096654.8515145755,-0.05415456286745153
2025-09-04,1011699.9234143336,-0.024647548758183535,0.011699923414334013,1096654.8515145755,-0.07746733439688139
2025-09-05,1042814.5324143335,0.03075478042440971,0.04281453241433408,1096654.8515145755,-0.0490950448319121
2025-09-08,997291.5284143336,-0.04365397928872805,-0.0027084715856658947,1096654.8515145755,-0.0906058300503687
2025-09-09,985997.9136954884,-0.011324286226317204,-0.014002086304511163,1096654.8515145755,-0.10090406992342243
2025-09-10,986504.7936954882,0.0005140781668595551,-0.013495206304511287,1096654.8515145755,-0.10044186433585782
2025-09-11,1015992.7306954883,0.029891326619444936,0.015992730695488788,1096654.8515145755,-0.07355287828954193
2025-09-12,1013583.3666954883,-0.002371438227073419,0.013583366695488763,1096654.8515145755,-0.07574989040932821
2025-09-15,1015968.2476954883,0.00235292041914148,0.01596824769548877,1096654.8515145755,-0.07357520345407861
2025-09-16,1020661.6666954883,0.00461965126434416,0.020661666695488856,1096654.8515145755,-0.06929544397139545
2025-09-17,1029613.1246954883,0.008770250017306358,0.029613124695488935,1096654.8515145755,-0.061132932322778534
2025-09-18,1024150.0576954883,-0.005305941492942501,0.024150057695488947,1096654.8515145755,-0.06611450605352431
2025-09-19,1019212.9476954883,-0.0048206900569915945,0.01921294769548898,1096654.8515145755,-0.07061647856856075
2025-09-22,1028123.5426954883,0.008742623433255492,0.02812354269548889,1096654.8515145755,-0.06249122841561275
2025-09-23,1028824.4642737436,0.0006817483980743333,0.028824464273744077,1096654.8515145755,-0.061852083312404375
2025-09-24,1054758.3082737436,0.025207258284149603,0.05475830827374417,1096654.8515145755,-0.03820394646772334
2025-09-25,1066619.0792737436,0.01124501310580972,0.06661907927374422,1096654.8515145755,-0.02738853724063681
2025-09-26,1054242.6602737436,-0.011603410477550313,0.05424266027374425,1096654.8515145755,-0.03867414727820431
2025-09-29,1072025.6852737435,0.016868056729351544,0.0720256852737442,1096654.8515145755,-0.022458448259100896
2025-09-30,1083328.2702737434,0.010543203540047452,0.08332827027374412,1096654.8515145755,-0.012152028710242737
2025-10-09,1108103.8512737434,0.022869873961416598,0.108103851273744,1108103.8512737434,0.0
2025-10-10,1065140.2272737436,-0.03877219987153191,0.06514022727374402,1108103.8512737434,-0.038772199871531896
2025-10-13,1064250.2582737436,-0.000835541628427583,0.06425025827374409,1108103.8512737434,-0.039575345712941114
2025-10-14,1041028.8779223595,-0.021819473540979017,0.041028877922359985,1108103.8512737434,-0.06053130604526153
2025-10-15,1055904.6219223593,0.014289463352532783,0.05590462192235979,1108103.8512737434,-0.0471068025721435
2025-10-16,1054995.4149223594,-0.0008610692491758387,0.05499541492235971,1108103.8512737434,-0.04792730960219743
2025-10-17,1018643.3529223596,-0.034457080557715125,0.018643352922359968,1108103.8512737434,-0.08073295499203506
2025-10-20,1024563.4899223595,0.005811785825741378,0.024563489922359905,1108103.8512737434,-0.07539037180978658
2025-10-21,1038971.3643663826,0.014062451556920985,0.03897136436638293,1108103.8512737434,-0.06238809370429894
2025-10-22,1034104.0353663824,-0.004684757604429768,0.034104035366382845,1108103.8512737434,-0.06678057821232158
2025-10-23,1038665.1493663825,0.004410691617100282,0.03866514936638299,1108103.8512737434,-0.06266443513172751
2025-10-24,1057998.9133663827,0.01861404901453989,0.05799891336638319,1108103.8512737434,-0.04521682498419809
2025-10-27,1067242.0133663823,0.008736398386827826,0.06724201336638291,1108103.8512737434,-0.03687545879421972
2025-10-28,1061735.8304019147,-0.0051592636866868435,0.061735830401915104,1108103.8512737434,-0.041844472265419576
2025-10-29,1089680.8404019144,0.02632011579511384,0.08968084040191493,1108103.8512737434,-0.016625707825716977
2025-10-30,1082403.2154019144,-0.006678675746299989,0.08240321540191498,1108103.8512737434,-0.02319334586039623
2025-10-31,1066708.3954019144,-0.014499975403502785,0.06670839540191498,1108103.8512737434,-0.03735701831939832
2025-11-03,1073981.8684019144,0.006818614188612848,0.0739818684019149,1108103.8512737434,-0.030793127225942338
2025-11-04,1062752.0824019145,-0.010456215631191035,0.06275208240191499,1108103.8512737434,-0.04092736327890022
2025-11-05,1078276.9784019147,0.014608200969046914,0.07827697840191528,1108103.8512737434,-0.02691703745776475
2025-11-06,1094333.6674019145,0.01489106168602139,0.09433366740191484,1108103.8512737434,-0.01242679903693178
2025-11-07,1095712.0124019145,0.001259529009348892,0.09571201240191463,1108103.8512737434,-0.011182921941463163
2025-11-10,1093188.4854019145,-0.002303093305026538,0.09318848540191471,1108103.8512737434,-0.013460259933835681
2025-11-11,1086681.8044019146,-0.005952021162761945,0.08668180440191486,1108103.8512737434,-0.019332165344615154
2025-11-12,1073375.0404019146,-0.012245317761001573,0.07337504040191489,1108103.8512737434,-0.031340754597963656
2025-11-13,1088582.6524019146,0.014168032074143966,0.08858265240191487,1108103.8512737434,-0.01761675934019146
2025-11-14,1075711.6094019145,-0.011823670872947112,0.07571160940191479,1108103.8512737434,-0.029232135448852264
2025-11-17,1069578.1284019144,-0.005701789351711395,0.06957812840191457,1108103.8512737434,-0.03476724932193359
2025-11-18,1058493.6754927495,-0.010363387783299594,0.05849367549274964,1108103.8512737434,-0.04477033061835131
2025-11-19,1059724.9644927494,0.0011632464402082654,0.059724964492749555,1108103.8512737434,-0.04365916310586182
2025-11-20,1053898.8074927493,-0.005497801028768734,0.053898807492749334,1108103.8512737434,-0.04891693474279194
2025-11-21,1029817.2154927495,-0.022850004031497617,0.029817215492749405,1108103.8512737434,-0.07064918661820824
2025-11-24,1028312.2114927494,-0.0014614282781045818,0.02831221149274943,1108103.8512737434,-0.07200736617716393
2025-11-25,1037219.6266502059,0.008662169969299471,0.03721962665020584,1108103.8512737434,-0.06396893625273253
2025-11-26,1038914.1906502061,0.0016337562040480424,0.03891419065020596,1108103.8512737434,-0.06243968969515378
2025-11-27,1038271.250650206,-0.000618857655219518,0.03827125065020587,1108103.8512737434,-0.06301990607041591
2025-11-28,1042198.1406502061,0.0037821426698860794,0.042198140650206106,1108103.8512737434,-0.05947611367633097
2025-12-01,1044305.341650206,0.002021881365749989,0.04430534165020594,1108103.8512737434,-0.057574485956530426
2025-12-02,1039252.5338591766,-0.0048384390939196775,0.039252533859176486,1108103.8512737434,-0.062134354406785657
2025-12-03,1034483.5288591766,-0.004588879838753668,0.03448352885917649,1108103.8512737434,-0.06643810715930802
2025-12-04,1033896.7388591765,-0.000567229910994449,0.033896738859176434,1108103.8512737434,-0.06696765138869187
2025-12-05,1039106.9858591765,0.005039426863604479,0.03910698585917638,1108103.8512737434,-0.06226570310648809
2025-12-08,1045923.8968591765,0.006560355278877772,0.045923896859176416,1108103.8512737434,-0.05611383296167805
2025-12-09,1046403.9056054696,0.00045893276531350224,0.046403905605469475,1108103.8512737434,-0.055680652672897915
2025-12-10,1045638.9196054696,-0.0007310618738157748,0.0456389196054694,1108103.8512737434,-0.056371008544435317
2025-12-11,1038331.5356054695,-0.006988439185830253,0.038331535605469425,1108103.8512737434,-0.06296550236520887
2025-12-12,1043837.9696054694,0.00530315589113739,0.043837969605469373,1108103.8512737434,-0.05799626234887795
2025-12-15,1039879.2056054694,-0.003792508143286133,0.039879205605469314,1108103.8512737434,-0.06156881919492577
2025-12-16,1027950.6318742225,-0.01147111478616547,0.02795063187422242,1108103.8512737434,-0.07233367098885755
2025-12-17,1044538.6038742225,0.016136934484641374,0.04453860387422237,1108103.8512737434,-0.057363980213997044
2025-12-18,1038339.6318742225,-0.005934650932964858,0.0383396318742224,1108103.8512737434,-0.06295819594826632
2025-12-19,1043858.0368742225,0.005314643523756324,0.043858036874222295,1108103.8512737434,-0.057978152792873786
2025-12-22,1054322.1948742224,0.010024502978713823,0.054322194874222296,1108103.8512737434,-0.04853485197953251
2025-12-23,1051878.6468742224,-0.002317648259592464,0.05187864687422228,1108103.8512737434,-0.05074001352390504
2025-12-24,1062361.1618742226,0.00996551743982077,0.06236116187422236,1108103.8512737434,-0.04128014657375349
2025-12-25,1069514.8378742223,0.006733751436638791,0.06951483787422208,1108103.8512737434,-0.034824365383410424
2025-12-26,1073777.0538742226,0.003985186412627906,0.0737770538742224,1108103.8512737434,-0.03097796055853691
2025-12-29,1073138.9548742224,-0.0005942565057596161,0.07313895487422228,1108103.8512737434,-0.03155380820969946
2025-12-30,1072727.516662759,-0.00038339695860878376,0.072727516662759,1108103.8512737434,-0.03192510753420812
2025-12-31,1074380.3006627588,0.0015407304970991298,0.0743803006627588,1108103.8512737434,-0.0304335650239101
2026-01-05,1092970.9346627588,0.0173035879274146,0.09297093466275896,1108103.8512737434,-0.013656586964831508
2026-01-06,1111607.2700624068,0.017051080507825445,0.1116072700624069,1111607.2700624068,0.0
2026-01-07,1109927.4700624065,-0.0015111452086005173,0.10992747006240666,1111607.2700624068,-0.0015111452086004923
2026-01-08,1114501.1870624064,0.004120735024012667,0.11450118706240664,1114501.1870624064,0.0
2026-01-09,1127722.9410624064,0.011863382608725326,0.12772294106240656,1127722.9410624064,0.0
2026-01-12,1154105.6030624066,0.023394630932262128,0.15410560306240684,1154105.6030624066,0.0
2026-01-13,1119032.6361862049,-0.030389737978167686,0.11903263618620508,1154105.6030624066,-0.030389737978167734
2026-01-14,1128672.5781862051,0.008614531594765884,0.12867257818620526,1154105.6030624066,-0.02203699974137139
2026-01-15,1120655.666186205,-0.0071029563001197005,0.12065566618620527,1154105.6030624066,-0.028983428195342345
2026-01-16,1123308.022186205,0.002366789443028816,0.12330802218620529,1154105.6030624066,-0.026685236424189067
2026-01-19,1124807.236186205,0.001334641941826531,0.12480723618620515,1154105.6030624066,-0.025386209718121815
2026-01-20,1103644.0516129578,-0.018814943478674073,0.1036440516129582,1154105.6030624066,-0.043723513095811704
2026-01-21,1117298.6396129578,0.012372275263971222,0.11729863961295828,1154105.6030624066,-0.03189219717136971
2026-01-22,1130494.777612958,0.011810752767560384,0.13049477761295858,1154105.6030624066,-0.020458115259814592
2026-01-23,1148656.2276129578,0.01606504546473686,0.14865622761295838,1154105.6030624066,-0.004721730346849513
2026-01-26,1127571.8056129576,-0.018355728627194368,0.127571805612958,1154105.6030624066,-0.02299078817314632
2026-01-27,1139307.0996129578,0.010407580201618138,0.13930709961295817,1154105.6030624066,-0.012822486443338619
2026-01-28,1132242.1756129577,-0.006201070810846532,0.13224217561295815,1154105.6030624066,-0.018944044107778873
2026-01-29,1117639.594612958,-0.012897047393676586,0.11763959461295825,1154105.6030624066,-0.031596769266769506
2026-01-30,1110995.3596129578,-0.005944881545021707,0.11099535961295803,1154105.6030624066,-0.037353811761294875
2026-02-02,1087053.4266129578,-0.02154998469871261,0.08705342661295812,1154105.6030624066,-0.058098822388112994
2026-02-03,1091710.4781463011,0.0042841054720315075,0.0917104781463014,1154105.6030624066,-0.05406361839899291
2026-02-04,1094928.470146301,0.0029476606338558753,0.09492847014630112,1154105.6030624066,-0.051275318964815526
2026-02-05,1092109.167146301,-0.002574874137324601,0.09210916714630102,1154105.6030624066,-0.05371816560945453
2026-02-06,1084553.242146301,-0.006918653580890277,0.08455324214630111,1154105.6030624066,-0.06026516181149206
2026-02-09,1098201.286146301,0.012584023973770897,0.09820128614630108,1154105.6030624066,-0.048439516078740176
2026-02-10,1090552.4686473731,-0.006964859352667885,0.0905524686473731,1154105.6030624066,-0.05506700101480831
2026-02-11,1089679.299647373,-0.0008006666575917087,0.08967929964737276,1154105.6030624066,-0.05582357736075385
2026-02-12,1087306.456647373,-0.0021775608665483004,0.08730645664737291,1154105.6030624066,-0.05787957898981064
2026-02-13,1075725.849647373,-0.010650729542900028,0.07572584964737272,1154105.6030624066,-0.06791384879083323
2026-02-24,1080383.295647373,0.004329584532645203,0.08038329564737268,1154105.6030624066,-0.06387830300746514
2026-02-25,1083827.3776473731,0.003187833441960386,0.0838273776473728,1154105.6030624066,-0.06089410295604754
2026-02-26,1080252.9656473729,-0.00329795322919324,0.0802529656473725,1154105.6030624066,-0.0639912302817581
2026-02-27,1086912.595647373,0.006164880089923441,0.08691259564737264,1154105.6030624066,-0.05822084845332848
2026-03-02,1087790.336647373,0.0008075543548899944,0.08779033664737246,1154105.6030624066,-0.05746031059815227
2026-03-03,1081953.0163329644,-0.005366218211130147,0.08195301633296403,1154105.6030624066,-0.06251818424413341
2026-03-04,1076976.5183329643,-0.004599550927698148,0.07697651833296404,1154105.6030624066,-0.06683017959949349
2026-03-05,1082072.3013329643,0.004731563700095975,0.08207230133296406,1154105.6030624066,-0.06241482715126132
2026-03-06,1085881.5683329643,0.0035203442462277135,0.0858815683329639,1154105.6030624066,-0.05911420458267475
2026-03-09,1088000.2723329642,0.001951137271122949,0.08800027233296381,1154105.6030624066,-0.05727840723936583
2026-03-10,1093569.9823221257,0.005119217458667169,0.09356998232212543,1154105.6030624066,-0.05245241040304314
2026-03-11,1101641.6723221259,0.007381045685672882,0.10164167232212562,1154105.6030624066,-0.04545851835487871
2026-03-12,1104017.2393221257,0.0021563881066630763,0.10401723932212548,1154105.6030624066,-0.04340015645654266
2026-03-13,1101270.4323221259,-0.00248801096773299,0.10127043232212563,1154105.6030624066,-0.04578018735901049
2026-03-16,1096592.1903221258,-0.0042480410466806395,0.0965921903221254,1154105.6030624066,-0.049833752290665286
2026-03-17,1094779.5933221257,-0.0016529362656391156,0.09477959332212538,1154105.6030624066,-0.051404316539890284
2026-03-18,1093605.4983221258,-0.0010724487441687858,0.0936054983221255,1154105.6030624066,-0.052421636789341045
2026-03-19,1083600.0373221259,-0.00914905879254524,0.08360003732212573,1154105.6030624066,-0.061091086944899176
2026-03-20,1089003.5523221258,0.004986632349472275,0.08900355232212553,1154105.6030624066,-0.05640909338585074
